observerId,featureCount,features,activeFeatureCount,geometryStabilitySpearman,localEdgeStabilitySpearman,top10LocalEdgeJaccard,global_geometryRank,local_geometryRank,boundary_recoveryRank
OBSSET-100000,1,OBS-POLARIZATION,1,0.7034201618952746,0.7076745234036717,0.5714285714285714,42,50,5
OBSSET-010000,1,OBS-HEADING-ENTROPY,1,0.48366822026081824,0.5981994161327612,0.4666666666666667,57,60,16
OBSSET-001000,1,OBS-SPATIAL,1,0.8853918613885345,0.7564411528439036,0.375,5,28,19
OBSSET-000100,1,OBS-SPEED-VARIANCE,1,0.8848382773096654,0.8145927623973823,0.4666666666666667,6,11,14
OBSSET-000010,1,OBS-TRANSITION-RATE,1,0.0,0.0,0.4666666666666667,62,62,12
OBSSET-000001,1,OBS-METASTABLE-DWELL,1,0.0,0.0,0.4666666666666667,61,61,11
OBSSET-110000,2,OBS-POLARIZATION|OBS-HEADING-ENTROPY,2,0.5926156253480921,0.7093301201042341,0.5714285714285714,53,49,8
OBSSET-101000,2,OBS-POLARIZATION|OBS-SPATIAL,2,0.8214244270618458,0.7684221869550735,0.5714285714285714,21,22,7
OBSSET-100100,2,OBS-POLARIZATION|OBS-SPEED-VARIANCE,2,0.8427088650198813,0.7717333803561983,0.5714285714285714,14,21,6
OBSSET-100010,2,OBS-POLARIZATION|OBS-TRANSITION-RATE,2,0.646979711877201,0.6561257077920806,0.375,47,54,28
OBSSET-100001,2,OBS-POLARIZATION|OBS-METASTABLE-DWELL,2,0.6462302114202079,0.6559801325497555,0.375,49,55,27
OBSSET-011000,2,OBS-HEADING-ENTROPY|OBS-SPATIAL,2,0.6828557979473744,0.742961264915065,0.375,43,35,26
OBSSET-010100,2,OBS-HEADING-ENTROPY|OBS-SPEED-VARIANCE,2,0.7495714793442106,0.7410607574599816,0.5714285714285714,36,36,4
OBSSET-010010,2,OBS-HEADING-ENTROPY|OBS-TRANSITION-RATE,2,0.4687567551985286,0.5994533591959089,0.29411764705882354,60,57,38
OBSSET-010001,2,OBS-HEADING-ENTROPY|OBS-METASTABLE-DWELL,2,0.4688852834065023,0.599400452628271,0.29411764705882354,58,59,37
OBSSET-001100,2,OBS-SPATIAL|OBS-SPEED-VARIANCE,2,0.913980741636277,0.8440016458002704,0.4666666666666667,1,4,15
OBSSET-001010,2,OBS-SPATIAL|OBS-TRANSITION-RATE,2,0.8328449993206951,0.748231744352358,0.375,15,33,21
OBSSET-001001,2,OBS-SPATIAL|OBS-METASTABLE-DWELL,2,0.8323888339639883,0.7480492382883378,0.375,17,34,20
OBSSET-000110,2,OBS-SPEED-VARIANCE|OBS-TRANSITION-RATE,2,0.8790316834978754,0.844648210192206,0.5714285714285714,8,1,2
OBSSET-000101,2,OBS-SPEED-VARIANCE|OBS-METASTABLE-DWELL,2,0.8787163084474203,0.8442133521348928,0.5714285714285714,10,2,1
OBSSET-000011,2,OBS-TRANSITION-RATE|OBS-METASTABLE-DWELL,2,0.0,0.0,0.4666666666666667,63,63,13
OBSSET-111000,3,OBS-POLARIZATION|OBS-HEADING-ENTROPY|OBS-SPATIAL,3,0.7069562775541911,0.7570681243754777,0.5714285714285714,41,27,10
OBSSET-110100,3,OBS-POLARIZATION|OBS-HEADING-ENTROPY|OBS-SPEED-VARIANCE,3,0.7453651304489325,0.7584592174611572,0.5714285714285714,37,26,9
OBSSET-110010,3,OBS-POLARIZATION|OBS-HEADING-ENTROPY|OBS-TRANSITION-RATE,3,0.5585584713068487,0.6904132134250278,0.375,54,51,35
OBSSET-110001,3,OBS-POLARIZATION|OBS-HEADING-ENTROPY|OBS-METASTABLE-DWELL,3,0.5584828030530978,0.6903186304606337,0.375,55,53,34
OBSSET-101100,3,OBS-POLARIZATION|OBS-SPATIAL|OBS-SPEED-VARIANCE,3,0.8846674632930034,0.8288171790199651,0.375,7,8,33
OBSSET-101010,3,OBS-POLARIZATION|OBS-SPATIAL|OBS-TRANSITION-RATE,3,0.7525969831361553,0.7342914242050198,0.375,30,41,31
OBSSET-101001,3,OBS-POLARIZATION|OBS-SPATIAL|OBS-METASTABLE-DWELL,3,0.7524803480580797,0.7345497293811025,0.375,32,40,30
OBSSET-100110,3,OBS-POLARIZATION|OBS-SPEED-VARIANCE|OBS-TRANSITION-RATE,3,0.8242298838582258,0.7632270499715528,0.29411764705882354,18,23,50
OBSSET-100101,3,OBS-POLARIZATION|OBS-SPEED-VARIANCE|OBS-METASTABLE-DWELL,3,0.8240841225726839,0.7632242802961122,0.29411764705882354,20,24,49
OBSSET-100011,3,OBS-POLARIZATION|OBS-TRANSITION-RATE|OBS-METASTABLE-DWELL,3,0.6468558645360097,0.6559801325497555,0.375,48,56,29
OBSSET-011100,3,OBS-HEADING-ENTROPY|OBS-SPATIAL|OBS-SPEED-VARIANCE,3,0.8150712582721841,0.8256333392111914,0.4666666666666667,22,9,17
OBSSET-011010,3,OBS-HEADING-ENTROPY|OBS-SPATIAL|OBS-TRANSITION-RATE,3,0.6386087384114748,0.7266600050941436,0.29411764705882354,51,48,44
OBSSET-011001,3,OBS-HEADING-ENTROPY|OBS-SPATIAL|OBS-METASTABLE-DWELL,3,0.6385470749184078,0.7268007151516251,0.29411764705882354,52,46,43
OBSSET-010110,3,OBS-HEADING-ENTROPY|OBS-SPEED-VARIANCE|OBS-TRANSITION-RATE,3,0.7497848783279157,0.7384940927526009,0.29411764705882354,34,39,41
OBSSET-010101,3,OBS-HEADING-ENTROPY|OBS-SPEED-VARIANCE|OBS-METASTABLE-DWELL,3,0.7496838120447745,0.7385209205170358,0.29411764705882354,35,38,40
OBSSET-010011,3,OBS-HEADING-ENTROPY|OBS-TRANSITION-RATE|OBS-METASTABLE-DWELL,3,0.46885315520046655,0.5994024148390585,0.29411764705882354,59,58,39
OBSSET-001110,3,OBS-SPATIAL|OBS-SPEED-VARIANCE|OBS-TRANSITION-RATE,3,0.8994047036617633,0.8325398224886852,0.375,2,5,24
OBSSET-001101,3,OBS-SPATIAL|OBS-SPEED-VARIANCE|OBS-METASTABLE-DWELL,3,0.8993719079674001,0.8318009710994827,0.375,3,7,23
OBSSET-001011,3,OBS-SPATIAL|OBS-TRANSITION-RATE|OBS-METASTABLE-DWELL,3,0.832646393054799,0.7485525632969876,0.375,16,32,22
OBSSET-000111,3,OBS-SPEED-VARIANCE|OBS-TRANSITION-RATE|OBS-METASTABLE-DWELL,3,0.8790188804515505,0.8442133521348928,0.5714285714285714,9,3,3
OBSSET-111100,4,OBS-POLARIZATION|OBS-HEADING-ENTROPY|OBS-SPATIAL|OBS-SPEED-VARIANCE,4,0.80249959951636,0.8166989948862635,0.4666666666666667,23,10,18
OBSSET-111010,4,OBS-POLARIZATION|OBS-HEADING-ENTROPY|OBS-SPATIAL|OBS-TRANSITION-RATE,4,0.6553188417254153,0.732655420364819,0.29411764705882354,45,44,56
OBSSET-111001,4,OBS-POLARIZATION|OBS-HEADING-ENTROPY|OBS-SPATIAL|OBS-METASTABLE-DWELL,4,0.6553006215644651,0.732655420364819,0.29411764705882354,46,43,55
OBSSET-110110,4,OBS-POLARIZATION|OBS-HEADING-ENTROPY|OBS-SPEED-VARIANCE|OBS-TRANSITION-RATE,4,0.7317071653508762,0.7537667274045339,0.29411764705882354,40,31,53
OBSSET-110101,4,OBS-POLARIZATION|OBS-HEADING-ENTROPY|OBS-SPEED-VARIANCE|OBS-METASTABLE-DWELL,4,0.7317132780660293,0.753856741554656,0.29411764705882354,39,29,52
OBSSET-110011,4,OBS-POLARIZATION|OBS-HEADING-ENTROPY|OBS-TRANSITION-RATE|OBS-METASTABLE-DWELL,4,0.5584621968460145,0.690346329148236,0.375,56,52,36
OBSSET-101110,4,OBS-POLARIZATION|OBS-SPATIAL|OBS-SPEED-VARIANCE|OBS-TRANSITION-RATE,4,0.8565900280455513,0.8101255902349184,0.2222222222222222,11,16,62
OBSSET-101101,4,OBS-POLARIZATION|OBS-SPATIAL|OBS-SPEED-VARIANCE|OBS-METASTABLE-DWELL,4,0.856568345147468,0.8099886850889536,0.2222222222222222,12,17,61
OBSSET-101011,4,OBS-POLARIZATION|OBS-SPATIAL|OBS-TRANSITION-RATE|OBS-METASTABLE-DWELL,4,0.7525940623398862,0.7341516698531116,0.375,31,42,32
OBSSET-100111,4,OBS-POLARIZATION|OBS-SPEED-VARIANCE|OBS-TRANSITION-RATE|OBS-METASTABLE-DWELL,4,0.8241001809136659,0.7632242802961122,0.29411764705882354,19,25,51
OBSSET-011110,4,OBS-HEADING-ENTROPY|OBS-SPATIAL|OBS-SPEED-VARIANCE|OBS-TRANSITION-RATE,4,0.7976969364720858,0.8132800407531495,0.29411764705882354,24,14,47
OBSSET-011101,4,OBS-HEADING-ENTROPY|OBS-SPATIAL|OBS-SPEED-VARIANCE|OBS-METASTABLE-DWELL,4,0.7976928127209526,0.8135289363571425,0.29411764705882354,25,12,46
OBSSET-011011,4,OBS-HEADING-ENTROPY|OBS-SPATIAL|OBS-TRANSITION-RATE|OBS-METASTABLE-DWELL,4,0.6386309136042947,0.7267597493109174,0.29411764705882354,50,47,45
OBSSET-010111,4,OBS-HEADING-ENTROPY|OBS-SPEED-VARIANCE|OBS-TRANSITION-RATE|OBS-METASTABLE-DWELL,4,0.7498641998163722,0.7385791712711742,0.29411764705882354,33,37,42
OBSSET-001111,4,OBS-SPATIAL|OBS-SPEED-VARIANCE|OBS-TRANSITION-RATE|OBS-METASTABLE-DWELL,4,0.8992391490993384,0.8320581522191642,0.375,4,6,25
OBSSET-111110,5,OBS-POLARIZATION|OBS-HEADING-ENTROPY|OBS-SPATIAL|OBS-SPEED-VARIANCE|OBS-TRANSITION-RATE,5,0.7758046735764667,0.7984286525989929,0.29411764705882354,27,19,59
OBSSET-111101,5,OBS-POLARIZATION|OBS-HEADING-ENTROPY|OBS-SPATIAL|OBS-SPEED-VARIANCE|OBS-METASTABLE-DWELL,5,0.7757145432381941,0.7982885594582991,0.29411764705882354,28,20,58
OBSSET-111011,5,OBS-POLARIZATION|OBS-HEADING-ENTROPY|OBS-SPATIAL|OBS-TRANSITION-RATE|OBS-METASTABLE-DWELL,5,0.6553431421618922,0.732655420364819,0.29411764705882354,44,45,57
OBSSET-110111,5,OBS-POLARIZATION|OBS-HEADING-ENTROPY|OBS-SPEED-VARIANCE|OBS-TRANSITION-RATE|OBS-METASTABLE-DWELL,5,0.731770931628382,0.753856741554656,0.29411764705882354,38,30,54
OBSSET-101111,5,OBS-POLARIZATION|OBS-SPATIAL|OBS-SPEED-VARIANCE|OBS-TRANSITION-RATE|OBS-METASTABLE-DWELL,5,0.8565317870188459,0.8101491513897977,0.2222222222222222,13,15,63
OBSSET-011111,5,OBS-HEADING-ENTROPY|OBS-SPATIAL|OBS-SPEED-VARIANCE|OBS-TRANSITION-RATE|OBS-METASTABLE-DWELL,5,0.7976078612325591,0.8135289363571425,0.29411764705882354,26,13,48
OBSSET-111111,6,OBS-POLARIZATION|OBS-HEADING-ENTROPY|OBS-SPATIAL|OBS-SPEED-VARIANCE|OBS-TRANSITION-RATE|OBS-METASTABLE-DWELL,6,0.7756981667657973,0.7985579619480687,0.29411764705882354,29,18,60
