from_rule,to_rule,syntactic_distance,observable_distance,observer_id
0,1,0.125,0.3000627875702651,OBSERVER-EBID-CORE
0,2,0.125,0.2679912805548103,OBSERVER-EBID-CORE
0,4,0.125,0.2723561172670682,OBSERVER-EBID-CORE
0,8,0.125,0.007002317898895439,OBSERVER-EBID-CORE
0,16,0.125,0.2678150385788504,OBSERVER-EBID-CORE
0,32,0.125,0.00701326991750324,OBSERVER-EBID-CORE
0,64,0.125,0.007002317898895439,OBSERVER-EBID-CORE
0,128,0.125,0.00699273925866824,OBSERVER-EBID-CORE
1,3,0.125,0.11071569804049067,OBSERVER-EBID-CORE
1,5,0.125,0.17240365245475192,OBSERVER-EBID-CORE
1,9,0.125,0.1734101068657264,OBSERVER-EBID-CORE
1,17,0.125,0.11055123892840786,OBSERVER-EBID-CORE
1,33,0.125,0.12200323703815893,OBSERVER-EBID-CORE
1,65,0.125,0.17465861476043693,OBSERVER-EBID-CORE
1,129,0.125,0.19452109488674602,OBSERVER-EBID-CORE
2,3,0.125,0.1467226924543242,OBSERVER-EBID-CORE
2,6,0.125,0.12264328630325266,OBSERVER-EBID-CORE
2,10,0.125,0.13606080797532757,OBSERVER-EBID-CORE
2,18,0.125,0.1948723623720012,OBSERVER-EBID-CORE
2,34,0.125,0.17140195578576944,OBSERVER-EBID-CORE
2,66,0.125,0.09785680463715069,OBSERVER-EBID-CORE
2,130,0.125,0.057934540628519986,OBSERVER-EBID-CORE
3,7,0.125,0.06368490288201192,OBSERVER-EBID-CORE
3,11,0.125,0.07955682490378417,OBSERVER-EBID-CORE
3,19,0.125,0.052489161869024595,OBSERVER-EBID-CORE
3,35,0.125,0.12220531104589523,OBSERVER-EBID-CORE
3,67,0.125,0.10350918423189455,OBSERVER-EBID-CORE
3,131,0.125,0.17159223760315395,OBSERVER-EBID-CORE
4,5,0.125,0.16873667618662888,OBSERVER-EBID-CORE
4,6,0.125,0.11840120383160575,OBSERVER-EBID-CORE
4,12,0.125,0.16714564386055214,OBSERVER-EBID-CORE
4,20,0.125,0.11250039644366115,OBSERVER-EBID-CORE
4,36,0.125,0.11009762818664631,OBSERVER-EBID-CORE
4,68,0.125,0.16714782915652399,OBSERVER-EBID-CORE
4,132,0.125,0.056217009236784674,OBSERVER-EBID-CORE
5,7,0.125,0.13963787743748313,OBSERVER-EBID-CORE
5,13,0.125,0.19271462986841048,OBSERVER-EBID-CORE
5,21,0.125,0.13966972737117475,OBSERVER-EBID-CORE
5,37,0.125,0.09653037230471004,OBSERVER-EBID-CORE
5,69,0.125,0.1935929895474829,OBSERVER-EBID-CORE
5,133,0.125,0.1482505599490762,OBSERVER-EBID-CORE
6,7,0.125,0.10940893227911756,OBSERVER-EBID-CORE
6,14,0.125,0.1212135924513661,OBSERVER-EBID-CORE
6,22,0.125,0.2041294680691609,OBSERVER-EBID-CORE
6,38,0.125,0.03863436395465115,OBSERVER-EBID-CORE
6,70,0.125,0.25455521669595693,OBSERVER-EBID-CORE
6,134,0.125,0.028727210551232778,OBSERVER-EBID-CORE
7,15,0.125,0.16765971317916814,OBSERVER-EBID-CORE
7,23,0.125,0.020497050859893163,OBSERVER-EBID-CORE
7,39,0.125,0.11097433431772008,OBSERVER-EBID-CORE
7,71,0.125,0.22290564500120044,OBSERVER-EBID-CORE
7,135,0.125,0.26859980867382416,OBSERVER-EBID-CORE
8,9,0.125,0.4633206701538693,OBSERVER-EBID-CORE
8,10,0.125,0.40390256909844535,OBSERVER-EBID-CORE
8,12,0.125,0.43377873635578434,OBSERVER-EBID-CORE
8,24,0.125,0.3577691352323466,OBSERVER-EBID-CORE
8,40,0.125,0.007045116357825394,OBSERVER-EBID-CORE
8,72,0.125,0.2638034171462842,OBSERVER-EBID-CORE
8,136,0.125,0.005255592594130698,OBSERVER-EBID-CORE
9,11,0.125,0.01613599130547685,OBSERVER-EBID-CORE
9,13,0.125,0.22714827595554163,OBSERVER-EBID-CORE
9,25,0.125,0.03398846877437364,OBSERVER-EBID-CORE
9,41,0.125,0.17701033916433356,OBSERVER-EBID-CORE
9,73,0.125,0.08360490108478937,OBSERVER-EBID-CORE
9,137,0.125,0.13117891890049935,OBSERVER-EBID-CORE
10,11,0.125,0.07761110350106229,OBSERVER-EBID-CORE
10,14,0.125,0.10322296767453894,OBSERVER-EBID-CORE
10,26,0.125,0.1111221173910139,OBSERVER-EBID-CORE
10,42,0.125,0.08731182771912872,OBSERVER-EBID-CORE
10,74,0.125,0.04457026253590172,OBSERVER-EBID-CORE
10,138,0.125,0.05818454120649026,OBSERVER-EBID-CORE
11,15,0.125,0.059214477460355894,OBSERVER-EBID-CORE
11,27,0.125,0.0008773542348273082,OBSERVER-EBID-CORE
11,43,0.125,0.06164966600696423,OBSERVER-EBID-CORE
11,75,0.125,0.22272170689987103,OBSERVER-EBID-CORE
11,139,0.125,0.016386809098371813,OBSERVER-EBID-CORE
12,13,0.125,0.171734367731415,OBSERVER-EBID-CORE
12,14,0.125,0.08188321415911808,OBSERVER-EBID-CORE
12,28,0.125,0.1768860963799988,OBSERVER-EBID-CORE
12,44,0.125,0.10636209000912333,OBSERVER-EBID-CORE
12,76,0.125,0.08291348708958413,OBSERVER-EBID-CORE
12,140,0.125,0.010481568662137123,OBSERVER-EBID-CORE
13,15,0.125,0.15479726180378264,OBSERVER-EBID-CORE
13,29,0.125,0.10204928222793368,OBSERVER-EBID-CORE
13,45,0.125,0.27180579389006276,OBSERVER-EBID-CORE
13,77,0.125,0.01783658943278438,OBSERVER-EBID-CORE
13,141,0.125,0.001769830665273368,OBSERVER-EBID-CORE
14,15,0.125,0.0275875190830915,OBSERVER-EBID-CORE
14,30,0.125,0.20483540461339303,OBSERVER-EBID-CORE
14,46,0.125,0.06114527398091974,OBSERVER-EBID-CORE
14,78,0.125,0.15826092662966346,OBSERVER-EBID-CORE
14,142,0.125,0.0017469325146482499,OBSERVER-EBID-CORE
15,31,0.125,0.17410143917059126,OBSERVER-EBID-CORE
15,47,0.125,0.056654836623405515,OBSERVER-EBID-CORE
15,79,0.125,0.1573184030939148,OBSERVER-EBID-CORE
15,143,0.125,0.029042508808529384,OBSERVER-EBID-CORE
16,17,0.125,0.14671831630953674,OBSERVER-EBID-CORE
16,18,0.125,0.19463775590865734,OBSERVER-EBID-CORE
16,20,0.125,0.11679384601873502,OBSERVER-EBID-CORE
16,24,0.125,0.09246365468699763,OBSERVER-EBID-CORE
16,48,0.125,0.17122978741697925,OBSERVER-EBID-CORE
16,80,0.125,0.13701078142724335,OBSERVER-EBID-CORE
16,144,0.125,0.057970276108410435,OBSERVER-EBID-CORE
17,19,0.125,0.052305383936135146,OBSERVER-EBID-CORE
17,21,0.125,0.06437086030690096,OBSERVER-EBID-CORE
17,25,0.125,0.09477471593775266,OBSERVER-EBID-CORE
17,49,0.125,0.12178614682737778,OBSERVER-EBID-CORE
17,81,0.125,0.08181023216321281,OBSERVER-EBID-CORE
17,145,0.125,0.1650472195839327,OBSERVER-EBID-CORE
18,19,0.125,0.18674237870294885,OBSERVER-EBID-CORE
18,22,0.125,0.12923205562606135,OBSERVER-EBID-CORE
18,26,0.125,0.13028832739112736,OBSERVER-EBID-CORE
18,50,0.125,0.1994778313978353,OBSERVER-EBID-CORE
18,82,0.125,0.12844513466349292,OBSERVER-EBID-CORE
18,146,0.125,0.040182577581517165,OBSERVER-EBID-CORE
19,23,0.125,0.017127877194202716,OBSERVER-EBID-CORE
19,27,0.125,0.08880672436155923,OBSERVER-EBID-CORE
19,51,0.125,0.1462660479301604,OBSERVER-EBID-CORE
19,83,0.125,0.09086826775982507,OBSERVER-EBID-CORE
19,147,0.125,0.20768769535288242,OBSERVER-EBID-CORE
20,21,0.125,0.11082065022420225,OBSERVER-EBID-CORE
20,22,0.125,0.1987625162404342,OBSERVER-EBID-CORE
20,28,0.125,0.26187180182367736,OBSERVER-EBID-CORE
20,52,0.125,0.04294397714279726,OBSERVER-EBID-CORE
20,84,0.125,0.1265038975846563,OBSERVER-EBID-CORE
20,148,0.125,0.03400822851251995,OBSERVER-EBID-CORE
21,23,0.125,0.018498602042639815,OBSERVER-EBID-CORE
21,29,0.125,0.21956719078992354,OBSERVER-EBID-CORE
21,53,0.125,0.10709634367427667,OBSERVER-EBID-CORE
21,85,0.125,0.1659839746068393,OBSERVER-EBID-CORE
21,149,0.125,0.26849976849568247,OBSERVER-EBID-CORE
22,23,0.125,0.21487867299425167,OBSERVER-EBID-CORE
22,30,0.125,0.08293610232430279,OBSERVER-EBID-CORE
22,54,0.125,0.07845785907374235,OBSERVER-EBID-CORE
22,86,0.125,0.08292459368194671,OBSERVER-EBID-CORE
22,150,0.125,0.11635847937707204,OBSERVER-EBID-CORE
23,31,0.125,0.022016725271635357,OBSERVER-EBID-CORE
23,55,0.125,0.018919740698395433,OBSERVER-EBID-CORE
23,87,0.125,0.022777479920335315,OBSERVER-EBID-CORE
23,151,0.125,0.21685002224677785,OBSERVER-EBID-CORE
24,25,0.125,0.13026778318320786,OBSERVER-EBID-CORE
24,26,0.125,0.14699217894113117,OBSERVER-EBID-CORE
24,28,0.125,0.2546975772462717,OBSERVER-EBID-CORE
24,56,0.125,0.20810568464442702,OBSERVER-EBID-CORE
24,88,0.125,0.0923946848659926,OBSERVER-EBID-CORE
24,152,0.125,0.01266620443348518,OBSERVER-EBID-CORE
25,27,0.125,0.019579560969172773,OBSERVER-EBID-CORE
25,29,0.125,0.09274934286404173,OBSERVER-EBID-CORE
25,57,0.125,0.24217612678417083,OBSERVER-EBID-CORE
25,89,0.125,0.21948155292306806,OBSERVER-EBID-CORE
25,153,0.125,0.08352263015373378,OBSERVER-EBID-CORE
26,27,0.125,0.09186497879989403,OBSERVER-EBID-CORE
26,30,0.125,0.2221278355218914,OBSERVER-EBID-CORE
26,58,0.125,0.07352471296351817,OBSERVER-EBID-CORE
26,90,0.125,0.0872710387008396,OBSERVER-EBID-CORE
26,154,0.125,0.03882416378323796,OBSERVER-EBID-CORE
27,31,0.125,0.11490951933830361,OBSERVER-EBID-CORE
27,59,0.125,0.062206696663749735,OBSERVER-EBID-CORE
27,91,0.125,0.06422000052288848,OBSERVER-EBID-CORE
27,155,0.125,0.05799472208864897,OBSERVER-EBID-CORE
28,29,0.125,0.10506513534054036,OBSERVER-EBID-CORE
28,30,0.125,0.2740499443705762,OBSERVER-EBID-CORE
28,60,0.125,0.1829302335430924,OBSERVER-EBID-CORE
28,92,0.125,0.005778290145736486,OBSERVER-EBID-CORE
28,156,0.125,0.0018341421807965789,OBSERVER-EBID-CORE
29,31,0.125,0.22683361963381451,OBSERVER-EBID-CORE
29,61,0.125,0.10359813049219313,OBSERVER-EBID-CORE
29,93,0.125,0.10708370047914219,OBSERVER-EBID-CORE
29,157,0.125,0.10509180603728416,OBSERVER-EBID-CORE
30,31,0.125,0.2718137098067394,OBSERVER-EBID-CORE
30,62,0.125,0.1923670871366932,OBSERVER-EBID-CORE
30,94,0.125,0.25106111473552584,OBSERVER-EBID-CORE
30,158,0.125,0.2236314274645997,OBSERVER-EBID-CORE
31,63,0.125,0.07444570785057693,OBSERVER-EBID-CORE
31,95,0.125,0.14339531324691326,OBSERVER-EBID-CORE
31,159,0.125,0.11783938244796643,OBSERVER-EBID-CORE
32,33,0.125,0.4212754131146713,OBSERVER-EBID-CORE
32,34,0.125,0.43358309563592273,OBSERVER-EBID-CORE
32,36,0.125,0.16341301948422302,OBSERVER-EBID-CORE
32,40,0.125,0.007027990242842234,OBSERVER-EBID-CORE
32,48,0.125,0.43322041121713795,OBSERVER-EBID-CORE
32,96,0.125,0.0070305734711287515,OBSERVER-EBID-CORE
32,160,0.125,0.0053070566763304804,OBSERVER-EBID-CORE
33,35,0.125,0.1358935918923725,OBSERVER-EBID-CORE
33,37,0.125,0.01915777119860323,OBSERVER-EBID-CORE
33,41,0.125,0.1912073523872213,OBSERVER-EBID-CORE
33,49,0.125,0.1349662103855928,OBSERVER-EBID-CORE
33,97,0.125,0.21613759401402666,OBSERVER-EBID-CORE
33,161,0.125,0.1622043674036595,OBSERVER-EBID-CORE
34,35,0.125,0.05644356259143664,OBSERVER-EBID-CORE
34,38,0.125,0.05974481789033698,OBSERVER-EBID-CORE
34,42,0.125,0.06238952824390374,OBSERVER-EBID-CORE
34,50,0.125,0.15866562373105433,OBSERVER-EBID-CORE
34,98,0.125,0.13058916039430307,OBSERVER-EBID-CORE
34,162,0.125,0.07958707330629541,OBSERVER-EBID-CORE
35,39,0.125,0.05914738151414565,OBSERVER-EBID-CORE
35,43,0.125,0.027984521701610077,OBSERVER-EBID-CORE
35,51,0.125,0.023546997759481512,OBSERVER-EBID-CORE
35,99,0.125,0.2039686735707342,OBSERVER-EBID-CORE
35,163,0.125,0.09990294482163847,OBSERVER-EBID-CORE
36,37,0.125,0.2747385343827385,OBSERVER-EBID-CORE
36,38,0.125,0.26323919607402074,OBSERVER-EBID-CORE
36,44,0.125,0.17095435997379854,OBSERVER-EBID-CORE
36,52,0.125,0.2592404896514379,OBSERVER-EBID-CORE
36,100,0.125,0.1682626564417825,OBSERVER-EBID-CORE
36,164,0.125,0.03799605086435321,OBSERVER-EBID-CORE
37,39,0.125,0.07052269050184627,OBSERVER-EBID-CORE
37,45,0.125,0.23929964370565146,OBSERVER-EBID-CORE
37,53,0.125,0.06793900489675714,OBSERVER-EBID-CORE
37,101,0.125,0.2340736359638307,OBSERVER-EBID-CORE
37,165,0.125,0.13424761241051777,OBSERVER-EBID-CORE
38,39,0.125,0.05419971357513671,OBSERVER-EBID-CORE
38,46,0.125,0.04233880969956926,OBSERVER-EBID-CORE
38,54,0.125,0.16009242113025757,OBSERVER-EBID-CORE
38,102,0.125,0.10632184588306244,OBSERVER-EBID-CORE
38,166,0.125,0.07849763665663953,OBSERVER-EBID-CORE
39,47,0.125,0.002421357048291639,OBSERVER-EBID-CORE
39,55,0.125,0.08782154147751758,OBSERVER-EBID-CORE
39,103,0.125,0.0578291802104737,OBSERVER-EBID-CORE
39,167,0.125,0.093871286844382,OBSERVER-EBID-CORE
40,41,0.125,0.49072170846213814,OBSERVER-EBID-CORE
40,42,0.125,0.48762734632714383,OBSERVER-EBID-CORE
40,44,0.125,0.33178148624447723,OBSERVER-EBID-CORE
40,56,0.125,0.5499614753031646,OBSERVER-EBID-CORE
40,104,0.125,0.17112878630033984,OBSERVER-EBID-CORE
40,168,0.125,0.019258879641134326,OBSERVER-EBID-CORE
41,43,0.125,0.17121358717111046,OBSERVER-EBID-CORE
41,45,0.125,0.06965907525070475,OBSERVER-EBID-CORE
41,57,0.125,0.30480935319348124,OBSERVER-EBID-CORE
41,105,0.125,0.08148002278449469,OBSERVER-EBID-CORE
41,169,0.125,0.058969092513649755,OBSERVER-EBID-CORE
42,43,0.125,0.024705005693686572,OBSERVER-EBID-CORE
42,46,0.125,0.056401311184695734,OBSERVER-EBID-CORE
42,58,0.125,0.10532727857636377,OBSERVER-EBID-CORE
42,106,0.125,0.15538435999040767,OBSERVER-EBID-CORE
42,170,0.125,0.01781424459345142,OBSERVER-EBID-CORE
43,47,0.125,0.05892297784220121,OBSERVER-EBID-CORE
43,59,0.125,0.02890082502422011,OBSERVER-EBID-CORE
43,107,0.125,0.15193666118463117,OBSERVER-EBID-CORE
43,171,0.125,0.025236249504146654,OBSERVER-EBID-CORE
44,45,0.125,0.2760970717208934,OBSERVER-EBID-CORE
44,46,0.125,0.13755366534443453,OBSERVER-EBID-CORE
44,60,0.125,0.18332321319404474,OBSERVER-EBID-CORE
44,108,0.125,0.1219532514567815,OBSERVER-EBID-CORE
44,172,0.125,0.07391382513126571,OBSERVER-EBID-CORE
45,47,0.125,0.2239880346115156,OBSERVER-EBID-CORE
45,61,0.125,0.2111749233220041,OBSERVER-EBID-CORE
45,109,0.125,0.20968172394466517,OBSERVER-EBID-CORE
45,173,0.125,0.22420036122118586,OBSERVER-EBID-CORE
46,47,0.125,0.014433473610558002,OBSERVER-EBID-CORE
46,62,0.125,0.09283833594534581,OBSERVER-EBID-CORE
46,110,0.125,0.10234857605139083,OBSERVER-EBID-CORE
46,174,0.125,0.009028629522938031,OBSERVER-EBID-CORE
47,63,0.125,0.07832486378632808,OBSERVER-EBID-CORE
47,111,0.125,0.015405466149794649,OBSERVER-EBID-CORE
47,175,0.125,0.07759496501823894,OBSERVER-EBID-CORE
48,49,0.125,0.057064578806788044,OBSERVER-EBID-CORE
48,50,0.125,0.159241632122742,OBSERVER-EBID-CORE
48,52,0.125,0.06122250706625735,OBSERVER-EBID-CORE
48,56,0.125,0.13065556542950663,OBSERVER-EBID-CORE
48,112,0.125,0.06240078092646,OBSERVER-EBID-CORE
48,176,0.125,0.07965164488424697,OBSERVER-EBID-CORE
49,51,0.125,0.024519323430552284,OBSERVER-EBID-CORE
49,53,0.125,0.06128823944413188,OBSERVER-EBID-CORE
49,57,0.125,0.20481373318001025,OBSERVER-EBID-CORE
49,113,0.125,0.02776546018221824,OBSERVER-EBID-CORE
49,177,0.125,0.10090259761859781,OBSERVER-EBID-CORE
50,51,0.125,0.13844662508546893,OBSERVER-EBID-CORE
50,54,0.125,0.22593113862194072,OBSERVER-EBID-CORE
50,58,0.125,0.04196126052308079,OBSERVER-EBID-CORE
50,114,0.125,0.042765025707352085,OBSERVER-EBID-CORE
50,178,0.125,0.005247484888231698,OBSERVER-EBID-CORE
51,55,0.125,0.1428144296605723,OBSERVER-EBID-CORE
51,59,0.125,0.02428777022608819,OBSERVER-EBID-CORE
51,115,0.125,0.025020118123740775,OBSERVER-EBID-CORE
51,179,0.125,0.13843304792240035,OBSERVER-EBID-CORE
52,53,0.125,0.05597845641782607,OBSERVER-EBID-CORE
52,54,0.125,0.16243184925458845,OBSERVER-EBID-CORE
52,60,0.125,0.11010438535911021,OBSERVER-EBID-CORE
52,116,0.125,0.042709884115069555,OBSERVER-EBID-CORE
52,180,0.125,0.08184515354827333,OBSERVER-EBID-CORE
53,55,0.125,0.08473534875991752,OBSERVER-EBID-CORE
53,61,0.125,0.016444119532003112,OBSERVER-EBID-CORE
53,117,0.125,0.001340479841179808,OBSERVER-EBID-CORE
53,181,0.125,0.09663418121811475,OBSERVER-EBID-CORE
54,55,0.125,0.18710275647787936,OBSERVER-EBID-CORE
54,62,0.125,0.13438008552236794,OBSERVER-EBID-CORE
54,118,0.125,0.16171552798561267,OBSERVER-EBID-CORE
54,182,0.125,0.08055434088734363,OBSERVER-EBID-CORE
55,63,0.125,0.05202556157080401,OBSERVER-EBID-CORE
55,119,0.125,0.051750913905655706,OBSERVER-EBID-CORE
55,183,0.125,0.18204703850674103,OBSERVER-EBID-CORE
56,57,0.125,0.09133912114682471,OBSERVER-EBID-CORE
56,58,0.125,0.0208489125100317,OBSERVER-EBID-CORE
56,60,0.125,0.1390025709465,OBSERVER-EBID-CORE
56,120,0.125,0.19689721660975648,OBSERVER-EBID-CORE
56,184,0.125,0.08368000060057167,OBSERVER-EBID-CORE
57,59,0.125,0.2043833914066689,OBSERVER-EBID-CORE
57,61,0.125,0.25178630583831246,OBSERVER-EBID-CORE
57,121,0.125,0.30672268200736313,OBSERVER-EBID-CORE
57,185,0.125,0.09550205268717811,OBSERVER-EBID-CORE
58,59,0.125,0.10499740420946704,OBSERVER-EBID-CORE
58,62,0.125,0.08134211969270706,OBSERVER-EBID-CORE
58,122,0.125,0.2592104371834318,OBSERVER-EBID-CORE
58,186,0.125,0.037903133203497794,OBSERVER-EBID-CORE
59,63,0.125,0.11836999686249013,OBSERVER-EBID-CORE
59,123,0.125,0.13577596960189298,OBSERVER-EBID-CORE
59,187,0.125,0.0556730619139366,OBSERVER-EBID-CORE
60,61,0.125,0.07697228643471021,OBSERVER-EBID-CORE
60,62,0.125,0.0638001506380892,OBSERVER-EBID-CORE
60,124,0.125,0.04091146504989522,OBSERVER-EBID-CORE
60,188,0.125,0.16256091216973953,OBSERVER-EBID-CORE
61,63,0.125,0.08393766896477636,OBSERVER-EBID-CORE
61,125,0.125,0.025350734074493127,OBSERVER-EBID-CORE
61,189,0.125,0.12570544191089184,OBSERVER-EBID-CORE
62,63,0.125,0.1510173408868893,OBSERVER-EBID-CORE
62,126,0.125,0.16623129568223372,OBSERVER-EBID-CORE
62,190,0.125,0.17230095502734305,OBSERVER-EBID-CORE
63,127,0.125,0.11883967547356225,OBSERVER-EBID-CORE
63,191,0.125,0.14266467067680405,OBSERVER-EBID-CORE
64,65,0.125,0.46454754500619344,OBSERVER-EBID-CORE
64,66,0.125,0.36320694023315275,OBSERVER-EBID-CORE
64,68,0.125,0.43376995969529836,OBSERVER-EBID-CORE
64,72,0.125,0.2638034171462842,OBSERVER-EBID-CORE
64,80,0.125,0.40463767859498173,OBSERVER-EBID-CORE
64,96,0.125,0.007048186752661908,OBSERVER-EBID-CORE
64,192,0.125,0.005255592594130698,OBSERVER-EBID-CORE
65,67,0.125,0.046783238370786025,OBSERVER-EBID-CORE
65,69,0.125,0.22822356806798128,OBSERVER-EBID-CORE
65,73,0.125,0.08348396558074747,OBSERVER-EBID-CORE
65,81,0.125,0.01785351850575823,OBSERVER-EBID-CORE
65,97,0.125,0.19747279472058993,OBSERVER-EBID-CORE
65,193,0.125,0.09197409397564218,OBSERVER-EBID-CORE
66,67,0.125,0.13243131157949778,OBSERVER-EBID-CORE
66,70,0.125,0.24840005583703734,OBSERVER-EBID-CORE
66,74,0.125,0.09049237191820528,OBSERVER-EBID-CORE
66,82,0.125,0.14191916518619538,OBSERVER-EBID-CORE
66,98,0.125,0.20312598753323627,OBSERVER-EBID-CORE
66,194,0.125,0.013546003305204533,OBSERVER-EBID-CORE
67,71,0.125,0.1030753868723978,OBSERVER-EBID-CORE
67,75,0.125,0.1781791923197639,OBSERVER-EBID-CORE
67,83,0.125,0.043928054855601424,OBSERVER-EBID-CORE
67,99,0.125,0.24145191446654063,OBSERVER-EBID-CORE
67,195,0.125,0.04724271136698258,OBSERVER-EBID-CORE
68,69,0.125,0.17257986139535425,OBSERVER-EBID-CORE
68,70,0.125,0.1761433598521301,OBSERVER-EBID-CORE
68,76,0.125,0.08290659464991681,OBSERVER-EBID-CORE
68,84,0.125,0.08230898024424894,OBSERVER-EBID-CORE
68,100,0.125,0.10903805807183349,OBSERVER-EBID-CORE
68,196,0.125,0.010481568662137123,OBSERVER-EBID-CORE
69,71,0.125,0.10029894307629579,OBSERVER-EBID-CORE
69,77,0.125,0.018511159504977732,OBSERVER-EBID-CORE
69,85,0.125,0.15652509572678516,OBSERVER-EBID-CORE
69,101,0.125,0.26990506423326244,OBSERVER-EBID-CORE
69,197,0.125,0.0019686270466865966,OBSERVER-EBID-CORE
70,71,0.125,0.10165754226771825,OBSERVER-EBID-CORE
70,78,0.125,0.007498322341227717,OBSERVER-EBID-CORE
70,86,0.125,0.27473671615988454,OBSERVER-EBID-CORE
70,102,0.125,0.18238979871485494,OBSERVER-EBID-CORE
70,198,0.125,0.0018510936521722147,OBSERVER-EBID-CORE
71,79,0.125,0.10196786745013492,OBSERVER-EBID-CORE
71,87,0.125,0.23046344667061916,OBSERVER-EBID-CORE
71,103,0.125,0.11098507589702852,OBSERVER-EBID-CORE
71,199,0.125,0.1016757448086038,OBSERVER-EBID-CORE
72,73,0.125,0.26060070093187226,OBSERVER-EBID-CORE
72,74,0.125,0.1908012895772994,OBSERVER-EBID-CORE
72,76,0.125,0.2829796068526491,OBSERVER-EBID-CORE
72,88,0.125,0.19116046886378546,OBSERVER-EBID-CORE
72,104,0.125,0.09295972997387904,OBSERVER-EBID-CORE
72,200,0.125,0.17720734766998944,OBSERVER-EBID-CORE
73,75,0.125,0.21172297409262672,OBSERVER-EBID-CORE
73,77,0.125,0.12837916076508868,OBSERVER-EBID-CORE
73,89,0.125,0.2122318371028713,OBSERVER-EBID-CORE
73,105,0.125,0.11408087420362256,OBSERVER-EBID-CORE
73,201,0.125,0.048240584878541236,OBSERVER-EBID-CORE
74,75,0.125,0.21747084703127362,OBSERVER-EBID-CORE
74,78,0.125,0.21371271207559764,OBSERVER-EBID-CORE
74,90,0.125,0.09154615983641172,OBSERVER-EBID-CORE
74,106,0.125,0.15832202727841493,OBSERVER-EBID-CORE
74,202,0.125,0.17326390138240202,OBSERVER-EBID-CORE
75,79,0.125,0.2732266997227352,OBSERVER-EBID-CORE
75,91,0.125,0.24118580135935816,OBSERVER-EBID-CORE
75,107,0.125,0.07695524518827822,OBSERVER-EBID-CORE
75,203,0.125,0.2738096663898259,OBSERVER-EBID-CORE
76,77,0.125,0.08655675933608155,OBSERVER-EBID-CORE
76,78,0.125,0.10383274361684622,OBSERVER-EBID-CORE
76,92,0.125,0.10634698462614739,OBSERVER-EBID-CORE
76,108,0.125,0.0778024242487176,OBSERVER-EBID-CORE
76,204,0.125,0.05743250969649,OBSERVER-EBID-CORE
77,79,0.125,0.019973696287664232,OBSERVER-EBID-CORE
77,93,0.125,0.022292142879164305,OBSERVER-EBID-CORE
77,109,0.125,0.12909204307378172,OBSERVER-EBID-CORE
77,205,0.125,0.08511193397901325,OBSERVER-EBID-CORE
78,79,0.125,0.005246028631744621,OBSERVER-EBID-CORE
78,94,0.125,0.042553062034141685,OBSERVER-EBID-CORE
78,110,0.125,0.2267662333404126,OBSERVER-EBID-CORE
78,206,0.125,0.17407127088357544,OBSERVER-EBID-CORE
79,95,0.125,0.20086529483401883,OBSERVER-EBID-CORE
79,111,0.125,0.2255634608850217,OBSERVER-EBID-CORE
79,207,0.125,0.17424869650728927,OBSERVER-EBID-CORE
80,81,0.125,0.07910681175946539,OBSERVER-EBID-CORE
80,82,0.125,0.11054238743327904,OBSERVER-EBID-CORE
80,84,0.125,0.1009378955242461,OBSERVER-EBID-CORE
80,88,0.125,0.04197980196296222,OBSERVER-EBID-CORE
80,112,0.125,0.0854947779522883,OBSERVER-EBID-CORE
80,208,0.125,0.05818443313409214,OBSERVER-EBID-CORE
81,83,0.125,0.003753688292476322,OBSERVER-EBID-CORE
81,85,0.125,0.05722317790004328,OBSERVER-EBID-CORE
81,89,0.125,0.21813227260147877,OBSERVER-EBID-CORE
81,113,0.125,0.058546367138736274,OBSERVER-EBID-CORE
81,209,0.125,0.015730226606054488,OBSERVER-EBID-CORE
82,83,0.125,0.09087995077813342,OBSERVER-EBID-CORE
82,86,0.125,0.2206932985120732,OBSERVER-EBID-CORE
82,90,0.125,0.08563561460081957,OBSERVER-EBID-CORE
82,114,0.125,0.07152816286137373,OBSERVER-EBID-CORE
82,210,0.125,0.039902200060043476,OBSERVER-EBID-CORE
83,87,0.125,0.11796662436917188,OBSERVER-EBID-CORE
83,91,0.125,0.06605365400562835,OBSERVER-EBID-CORE
83,115,0.125,0.059238976621997085,OBSERVER-EBID-CORE
83,211,0.125,0.0545451971576721,OBSERVER-EBID-CORE
84,85,0.125,0.026830103495370492,OBSERVER-EBID-CORE
84,86,0.125,0.20237288112643867,OBSERVER-EBID-CORE
84,92,0.125,0.1622933968294404,OBSERVER-EBID-CORE
84,116,0.125,0.06455918225151488,OBSERVER-EBID-CORE
84,212,0.125,0.01222849744039794,OBSERVER-EBID-CORE
85,87,0.125,0.1742133276543844,OBSERVER-EBID-CORE
85,93,0.125,0.1607436193549543,OBSERVER-EBID-CORE
85,117,0.125,0.05966779919975259,OBSERVER-EBID-CORE
85,213,0.125,0.0294335982328664,OBSERVER-EBID-CORE
86,87,0.125,0.2745424659423773,OBSERVER-EBID-CORE
86,94,0.125,0.25192704301181323,OBSERVER-EBID-CORE
86,118,0.125,0.22346161387681915,OBSERVER-EBID-CORE
86,214,0.125,0.22866981136176112,OBSERVER-EBID-CORE
87,95,0.125,0.14433318060885295,OBSERVER-EBID-CORE
87,119,0.125,0.07481371656782328,OBSERVER-EBID-CORE
87,215,0.125,0.1179479889530425,OBSERVER-EBID-CORE
88,89,0.125,0.2187440944901434,OBSERVER-EBID-CORE
88,90,0.125,0.09177970729490575,OBSERVER-EBID-CORE
88,92,0.125,0.21293445989933707,OBSERVER-EBID-CORE
88,120,0.125,0.16687936020764121,OBSERVER-EBID-CORE
88,216,0.125,0.1720898736850035,OBSERVER-EBID-CORE
89,91,0.125,0.24140413793871296,OBSERVER-EBID-CORE
89,93,0.125,0.273672088920371,OBSERVER-EBID-CORE
89,121,0.125,0.06290412348163912,OBSERVER-EBID-CORE
89,217,0.125,0.27611379778547385,OBSERVER-EBID-CORE
90,91,0.125,0.13500319107248804,OBSERVER-EBID-CORE
90,94,0.125,0.14560255091248392,OBSERVER-EBID-CORE
90,122,0.125,0.12281896401393012,OBSERVER-EBID-CORE
90,218,0.125,0.300678211707087,OBSERVER-EBID-CORE
91,95,0.125,0.0914105583414013,OBSERVER-EBID-CORE
91,123,0.125,0.018222431792581793,OBSERVER-EBID-CORE
91,219,0.125,0.27977622627520593,OBSERVER-EBID-CORE
92,93,0.125,0.003609334965845994,OBSERVER-EBID-CORE
92,94,0.125,0.044869456063397,OBSERVER-EBID-CORE
92,124,0.125,0.22510829292481352,OBSERVER-EBID-CORE
92,220,0.125,0.17661723960912262,OBSERVER-EBID-CORE
93,95,0.125,0.20345772686914082,OBSERVER-EBID-CORE
93,125,0.125,0.23231837311292847,OBSERVER-EBID-CORE
93,221,0.125,0.17676776426761695,OBSERVER-EBID-CORE
94,95,0.125,0.15908070681343747,OBSERVER-EBID-CORE
94,126,0.125,0.2549494078411501,OBSERVER-EBID-CORE
94,222,0.125,0.23199746727342938,OBSERVER-EBID-CORE
95,127,0.125,0.171729451190826,OBSERVER-EBID-CORE
95,223,0.125,0.1584067323471305,OBSERVER-EBID-CORE
96,97,0.125,0.5016887739659251,OBSERVER-EBID-CORE
96,98,0.125,0.5502898565698751,OBSERVER-EBID-CORE
96,100,0.125,0.32913267117643713,OBSERVER-EBID-CORE
96,104,0.125,0.1711241005176678,OBSERVER-EBID-CORE
96,112,0.125,0.48714658724737964,OBSERVER-EBID-CORE
96,224,0.125,0.01925215700311656,OBSERVER-EBID-CORE
97,99,0.125,0.32322405561990225,OBSERVER-EBID-CORE
97,101,0.125,0.05842367067284621,OBSERVER-EBID-CORE
97,105,0.125,0.10529083975811887,OBSERVER-EBID-CORE
97,113,0.125,0.20143381061697926,OBSERVER-EBID-CORE
97,225,0.125,0.07688162276013295,OBSERVER-EBID-CORE
98,99,0.125,0.09040807205868104,OBSERVER-EBID-CORE
98,102,0.125,0.13774030777566373,OBSERVER-EBID-CORE
98,106,0.125,0.18663250926206182,OBSERVER-EBID-CORE
98,114,0.125,0.02226145745512028,OBSERVER-EBID-CORE
98,226,0.125,0.0818805245630151,OBSERVER-EBID-CORE
99,103,0.125,0.24366234345016072,OBSERVER-EBID-CORE
99,107,0.125,0.2916217819094866,OBSERVER-EBID-CORE
99,115,0.125,0.2046122556766573,OBSERVER-EBID-CORE
99,227,0.125,0.09453364320191594,OBSERVER-EBID-CORE
100,101,0.125,0.2729143482189665,OBSERVER-EBID-CORE
100,102,0.125,0.18568250419391988,OBSERVER-EBID-CORE
100,108,0.125,0.12461122404958364,OBSERVER-EBID-CORE
100,116,0.125,0.137096378083595,OBSERVER-EBID-CORE
100,228,0.125,0.07073296596058697,OBSERVER-EBID-CORE
101,103,0.125,0.15851472287923699,OBSERVER-EBID-CORE
101,109,0.125,0.20410876389283375,OBSERVER-EBID-CORE
101,117,0.125,0.221362298357696,OBSERVER-EBID-CORE
101,229,0.125,0.2206874775011255,OBSERVER-EBID-CORE
102,103,0.125,0.035938600549106754,OBSERVER-EBID-CORE
102,110,0.125,0.04410574774476621,OBSERVER-EBID-CORE
102,118,0.125,0.08744150273553852,OBSERVER-EBID-CORE
102,230,0.125,0.16631016554928021,OBSERVER-EBID-CORE
103,111,0.125,0.06005646986268443,OBSERVER-EBID-CORE
103,119,0.125,0.10859535715880263,OBSERVER-EBID-CORE
103,231,0.125,0.1419733921144985,OBSERVER-EBID-CORE
104,105,0.125,0.35633249299102504,OBSERVER-EBID-CORE
104,106,0.125,0.36886160504261084,OBSERVER-EBID-CORE
104,108,0.125,0.29349660766979996,OBSERVER-EBID-CORE
104,120,0.125,0.3719513723279229,OBSERVER-EBID-CORE
104,232,0.125,0.281667668170486,OBSERVER-EBID-CORE
105,107,0.125,0.06523437022593744,OBSERVER-EBID-CORE
105,109,0.125,0.1094496246288957,OBSERVER-EBID-CORE
105,121,0.125,0.08611283453238307,OBSERVER-EBID-CORE
105,233,0.125,0.4002421115013075,OBSERVER-EBID-CORE
106,107,0.125,0.04938828710632554,OBSERVER-EBID-CORE
106,110,0.125,0.06325738636738978,OBSERVER-EBID-CORE
106,122,0.125,0.10548357609293307,OBSERVER-EBID-CORE
106,234,0.125,0.5213783647533954,OBSERVER-EBID-CORE
107,111,0.125,0.1538867138546322,OBSERVER-EBID-CORE
107,123,0.125,0.1764594409337974,OBSERVER-EBID-CORE
107,235,0.125,0.4865560066193493,OBSERVER-EBID-CORE
108,109,0.125,0.05260373651260765,OBSERVER-EBID-CORE
108,110,0.125,0.11140990893748746,OBSERVER-EBID-CORE
108,124,0.125,0.10498158403457718,OBSERVER-EBID-CORE
108,236,0.125,0.10281141963698753,OBSERVER-EBID-CORE
109,111,0.125,0.07892374674263652,OBSERVER-EBID-CORE
109,125,0.125,0.08330996540562484,OBSERVER-EBID-CORE
109,237,0.125,0.27491152496851945,OBSERVER-EBID-CORE
110,111,0.125,0.09922067533187344,OBSERVER-EBID-CORE
110,126,0.125,0.07183506650879373,OBSERVER-EBID-CORE
110,238,0.125,0.48905998055529265,OBSERVER-EBID-CORE
111,127,0.125,0.18188766783843577,OBSERVER-EBID-CORE
111,239,0.125,0.465223063664966,OBSERVER-EBID-CORE
112,113,0.125,0.026505834652118518,OBSERVER-EBID-CORE
112,114,0.125,0.10550375842311172,OBSERVER-EBID-CORE
112,116,0.125,0.0591431013326249,OBSERVER-EBID-CORE
112,120,0.125,0.16403779809411542,OBSERVER-EBID-CORE
112,240,0.125,0.01781384751281544,OBSERVER-EBID-CORE
113,115,0.125,0.028212905617131266,OBSERVER-EBID-CORE
113,117,0.125,0.06245645620048329,OBSERVER-EBID-CORE
113,121,0.125,0.18029839160696262,OBSERVER-EBID-CORE
113,241,0.125,0.027534790500677475,OBSERVER-EBID-CORE
114,115,0.125,0.105175156328295,OBSERVER-EBID-CORE
114,118,0.125,0.07616446170613766,OBSERVER-EBID-CORE
114,122,0.125,0.2575579304753021,OBSERVER-EBID-CORE
114,242,0.125,0.03767616568636544,OBSERVER-EBID-CORE
115,119,0.125,0.1181932636562077,OBSERVER-EBID-CORE
115,123,0.125,0.1348829950923406,OBSERVER-EBID-CORE
115,243,0.125,0.05629299184926797,OBSERVER-EBID-CORE
116,117,0.125,0.01623252177246828,OBSERVER-EBID-CORE
116,118,0.125,0.08889805595084242,OBSERVER-EBID-CORE
116,124,0.125,0.09715704388270624,OBSERVER-EBID-CORE
116,244,0.125,0.00781806332023827,OBSERVER-EBID-CORE
117,119,0.125,0.07569859165953242,OBSERVER-EBID-CORE
117,125,0.125,0.015224916781470435,OBSERVER-EBID-CORE
117,245,0.125,0.07737251086925104,OBSERVER-EBID-CORE
118,119,0.125,0.14647900744905057,OBSERVER-EBID-CORE
118,126,0.125,0.18099426302122631,OBSERVER-EBID-CORE
118,246,0.125,0.171299431609224,OBSERVER-EBID-CORE
119,127,0.125,0.118589687616097,OBSERVER-EBID-CORE
119,247,0.125,0.14266439502480466,OBSERVER-EBID-CORE
120,121,0.125,0.05551169730028745,OBSERVER-EBID-CORE
120,122,0.125,0.10502692330291219,OBSERVER-EBID-CORE
120,124,0.125,0.07680950785633792,OBSERVER-EBID-CORE
120,248,0.125,0.5236265456247612,OBSERVER-EBID-CORE
121,123,0.125,0.19882785675990378,OBSERVER-EBID-CORE
121,125,0.125,0.18277099047265208,OBSERVER-EBID-CORE
121,249,0.125,0.49211058447675415,OBSERVER-EBID-CORE
122,123,0.125,0.142007896561492,OBSERVER-EBID-CORE
122,126,0.125,0.03213960972210245,OBSERVER-EBID-CORE
122,250,0.125,0.48103243438427973,OBSERVER-EBID-CORE
123,127,0.125,0.13455339026902777,OBSERVER-EBID-CORE
123,251,0.125,0.42837884312912733,OBSERVER-EBID-CORE
124,125,0.125,0.09512643231386878,OBSERVER-EBID-CORE
124,126,0.125,0.07199250218019224,OBSERVER-EBID-CORE
124,252,0.125,0.48793355673304034,OBSERVER-EBID-CORE
125,127,0.125,0.1797558125136265,OBSERVER-EBID-CORE
125,253,0.125,0.46423710018976,OBSERVER-EBID-CORE
126,127,0.125,0.19924012215450254,OBSERVER-EBID-CORE
126,254,0.125,0.47208453381631094,OBSERVER-EBID-CORE
127,255,0.125,0.2944845950821507,OBSERVER-EBID-CORE
128,129,0.125,0.4720886512057769,OBSERVER-EBID-CORE
128,130,0.125,0.3244265549215906,OBSERVER-EBID-CORE
128,132,0.125,0.32708456264687247,OBSERVER-EBID-CORE
128,136,0.125,0.005272911170565204,OBSERVER-EBID-CORE
128,144,0.125,0.32430552709909566,OBSERVER-EBID-CORE
128,160,0.125,0.005369612510888356,OBSERVER-EBID-CORE
128,192,0.125,0.005272911170565204,OBSERVER-EBID-CORE
129,131,0.125,0.16260394413720802,OBSERVER-EBID-CORE
129,133,0.125,0.24789935667333332,OBSERVER-EBID-CORE
129,137,0.125,0.07406491286911802,OBSERVER-EBID-CORE
129,145,0.125,0.1954529845666205,OBSERVER-EBID-CORE
129,161,0.125,0.05183913738498354,OBSERVER-EBID-CORE
129,193,0.125,0.07253960887584668,OBSERVER-EBID-CORE
130,131,0.125,0.19014252570639822,OBSERVER-EBID-CORE
130,134,0.125,0.09463401738478121,OBSERVER-EBID-CORE
130,138,0.125,0.13725512932029738,OBSERVER-EBID-CORE
130,146,0.125,0.18263080546797295,OBSERVER-EBID-CORE
130,162,0.125,0.19248762144315795,OBSERVER-EBID-CORE
130,194,0.125,0.03228681175566776,OBSERVER-EBID-CORE
131,135,0.125,0.16521380115479695,OBSERVER-EBID-CORE
131,139,0.125,0.11760390158331625,OBSERVER-EBID-CORE
131,147,0.125,0.12740046800040475,OBSERVER-EBID-CORE
131,163,0.125,0.09075403001350914,OBSERVER-EBID-CORE
131,195,0.125,0.06021708529300588,OBSERVER-EBID-CORE
132,133,0.125,0.2403993747287786,OBSERVER-EBID-CORE
132,134,0.125,0.092158942005382,OBSERVER-EBID-CORE
132,140,0.125,0.11161997652973055,OBSERVER-EBID-CORE
132,148,0.125,0.09159790143601568,OBSERVER-EBID-CORE
132,164,0.125,0.12947968174000174,OBSERVER-EBID-CORE
132,196,0.125,0.11163108892197461,OBSERVER-EBID-CORE
133,135,0.125,0.2438132536627012,OBSERVER-EBID-CORE
133,141,0.125,0.045390157341905754,OBSERVER-EBID-CORE
133,149,0.125,0.24294796929507248,OBSERVER-EBID-CORE
133,165,0.125,0.13837937637480693,OBSERVER-EBID-CORE
133,197,0.125,0.04642892791066856,OBSERVER-EBID-CORE
134,135,0.125,0.23142353667366608,OBSERVER-EBID-CORE
134,142,0.125,0.09243937548192306,OBSERVER-EBID-CORE
134,150,0.125,0.14243305335857945,OBSERVER-EBID-CORE
134,166,0.125,0.08860428392033845,OBSERVER-EBID-CORE
134,198,0.125,0.2298626593290532,OBSERVER-EBID-CORE
135,143,0.125,0.20470826360504654,OBSERVER-EBID-CORE
135,151,0.125,0.08137611331459715,OBSERVER-EBID-CORE
135,167,0.125,0.22167295848836416,OBSERVER-EBID-CORE
135,199,0.125,0.2742235347840329,OBSERVER-EBID-CORE
136,137,0.125,0.49593808899793673,OBSERVER-EBID-CORE
136,138,0.125,0.4573046209108512,OBSERVER-EBID-CORE
136,140,0.125,0.43351774610775273,OBSERVER-EBID-CORE
136,152,0.125,0.35069984444717106,OBSERVER-EBID-CORE
136,168,0.125,0.021038949038692474,OBSERVER-EBID-CORE
136,200,0.125,0.4406099059088811,OBSERVER-EBID-CORE
137,139,0.125,0.1318225340676181,OBSERVER-EBID-CORE
137,141,0.125,0.23778610551219195,OBSERVER-EBID-CORE
137,153,0.125,0.06427075033766194,OBSERVER-EBID-CORE
137,169,0.125,0.05135685392351281,OBSERVER-EBID-CORE
137,201,0.125,0.1387803305796862,OBSERVER-EBID-CORE
138,139,0.125,0.008413379091093336,OBSERVER-EBID-CORE
138,142,0.125,0.06726030584912929,OBSERVER-EBID-CORE
138,154,0.125,0.06074461660520167,OBSERVER-EBID-CORE
138,170,0.125,0.06322869874036634,OBSERVER-EBID-CORE
138,202,0.125,0.1875270537599803,OBSERVER-EBID-CORE
139,143,0.125,0.06481098762023599,OBSERVER-EBID-CORE
139,155,0.125,0.042978936794131,OBSERVER-EBID-CORE
139,171,0.125,0.05894792801291095,OBSERVER-EBID-CORE
139,203,0.125,0.13600901351603534,OBSERVER-EBID-CORE
140,141,0.125,0.1716999701492937,OBSERVER-EBID-CORE
140,142,0.125,0.08043553299303127,OBSERVER-EBID-CORE
140,156,0.125,0.1774770050835786,OBSERVER-EBID-CORE
140,172,0.125,0.17364197355643315,OBSERVER-EBID-CORE
140,204,0.125,0.08068611117748048,OBSERVER-EBID-CORE
141,143,0.125,0.15593235650550477,OBSERVER-EBID-CORE
141,157,0.125,0.006746098809780052,OBSERVER-EBID-CORE
141,173,0.125,0.20665473713380586,OBSERVER-EBID-CORE
141,205,0.125,0.0995040691325352,OBSERVER-EBID-CORE
142,143,0.125,0.0034938624546359837,OBSERVER-EBID-CORE
142,158,0.125,0.08383213574111403,OBSERVER-EBID-CORE
142,174,0.125,0.0640867062549699,OBSERVER-EBID-CORE
142,206,0.125,0.08086805201092992,OBSERVER-EBID-CORE
143,159,0.125,0.12124128684750303,OBSERVER-EBID-CORE
143,175,0.125,0.10163259392346191,OBSERVER-EBID-CORE
143,207,0.125,0.08256725066250879,OBSERVER-EBID-CORE
144,145,0.125,0.18171265218234633,OBSERVER-EBID-CORE
144,146,0.125,0.18175300437275566,OBSERVER-EBID-CORE
144,148,0.125,0.09398393751671803,OBSERVER-EBID-CORE
144,152,0.125,0.028448514366144536,OBSERVER-EBID-CORE
144,176,0.125,0.1923715018391524,OBSERVER-EBID-CORE
144,208,0.125,0.13751034196832576,OBSERVER-EBID-CORE
145,147,0.125,0.18266473225422838,OBSERVER-EBID-CORE
145,149,0.125,0.2288242947210133,OBSERVER-EBID-CORE
145,153,0.125,0.10549971456918715,OBSERVER-EBID-CORE
145,177,0.125,0.06744399158796284,OBSERVER-EBID-CORE
145,209,0.125,0.10499484424204328,OBSERVER-EBID-CORE
146,147,0.125,0.09554201220307373,OBSERVER-EBID-CORE
146,150,0.125,0.08528557644399498,OBSERVER-EBID-CORE
146,154,0.125,0.16696634451123618,OBSERVER-EBID-CORE
146,178,0.125,0.22186606026535632,OBSERVER-EBID-CORE
146,210,0.125,0.16569026598022044,OBSERVER-EBID-CORE
147,151,0.125,0.08031259545887036,OBSERVER-EBID-CORE
147,155,0.125,0.18502577144625362,OBSERVER-EBID-CORE
147,179,0.125,0.24338305507558483,OBSERVER-EBID-CORE
147,211,0.125,0.1812788623268328,OBSERVER-EBID-CORE
148,149,0.125,0.22439232579139956,OBSERVER-EBID-CORE
148,150,0.125,0.13775030873953822,OBSERVER-EBID-CORE
148,156,0.125,0.23251244317747094,OBSERVER-EBID-CORE
148,180,0.125,0.08990632137481207,OBSERVER-EBID-CORE
148,212,0.125,0.0919835987578406,OBSERVER-EBID-CORE
149,151,0.125,0.08109993092808206,OBSERVER-EBID-CORE
149,157,0.125,0.27290293370150726,OBSERVER-EBID-CORE
149,181,0.125,0.21661846880807867,OBSERVER-EBID-CORE
149,213,0.125,0.20045928250058628,OBSERVER-EBID-CORE
150,151,0.125,0.11708696853231497,OBSERVER-EBID-CORE
150,158,0.125,0.13309627887100434,OBSERVER-EBID-CORE
150,182,0.125,0.0866795918051059,OBSERVER-EBID-CORE
150,214,0.125,0.13532673165676845,OBSERVER-EBID-CORE
151,159,0.125,0.20500321736337745,OBSERVER-EBID-CORE
151,183,0.125,0.13347483049917738,OBSERVER-EBID-CORE
151,215,0.125,0.20685678405218358,OBSERVER-EBID-CORE
152,153,0.125,0.16624659204888967,OBSERVER-EBID-CORE
152,154,0.125,0.15099769225214577,OBSERVER-EBID-CORE
152,156,0.125,0.26213371901307125,OBSERVER-EBID-CORE
152,184,0.125,0.29353980678628333,OBSERVER-EBID-CORE
152,216,0.125,0.08183398620271154,OBSERVER-EBID-CORE
153,155,0.125,0.11012420987278033,OBSERVER-EBID-CORE
153,157,0.125,0.18297127194678617,OBSERVER-EBID-CORE
153,185,0.125,0.14031101204453586,OBSERVER-EBID-CORE
153,217,0.125,0.1874366256159246,OBSERVER-EBID-CORE
154,155,0.125,0.08272561340011768,OBSERVER-EBID-CORE
154,158,0.125,0.08065541019166936,OBSERVER-EBID-CORE
154,186,0.125,0.08118177109944291,OBSERVER-EBID-CORE
154,218,0.125,0.29472551127903157,OBSERVER-EBID-CORE
155,159,0.125,0.03518918854721442,OBSERVER-EBID-CORE
155,187,0.125,0.06125446111678191,OBSERVER-EBID-CORE
155,219,0.125,0.2595177273604784,OBSERVER-EBID-CORE
156,157,0.125,0.0017883774108301647,OBSERVER-EBID-CORE
156,158,0.125,0.22258901696656394,OBSERVER-EBID-CORE
156,188,0.125,0.25795042438707,OBSERVER-EBID-CORE
156,220,0.125,0.1774041706821692,OBSERVER-EBID-CORE
157,159,0.125,0.25544138673628164,OBSERVER-EBID-CORE
157,189,0.125,0.24924552426275484,OBSERVER-EBID-CORE
157,221,0.125,0.17699309528506957,OBSERVER-EBID-CORE
158,159,0.125,0.03734210448854727,OBSERVER-EBID-CORE
158,190,0.125,0.09701467150771607,OBSERVER-EBID-CORE
158,222,0.125,0.08794431518258158,OBSERVER-EBID-CORE
159,191,0.125,0.11713365003914306,OBSERVER-EBID-CORE
159,223,0.125,0.11303157861707605,OBSERVER-EBID-CORE
160,161,0.125,0.4877313754447277,OBSERVER-EBID-CORE
160,162,0.125,0.5058682481270631,OBSERVER-EBID-CORE
160,164,0.125,0.19976264856083303,OBSERVER-EBID-CORE
160,168,0.125,0.02099725770496151,OBSERVER-EBID-CORE
160,176,0.125,0.5055149259123755,OBSERVER-EBID-CORE
160,224,0.125,0.020992768206378385,OBSERVER-EBID-CORE
161,163,0.125,0.2675814485428889,OBSERVER-EBID-CORE
161,165,0.125,0.13442660273954812,OBSERVER-EBID-CORE
161,169,0.125,0.10845213786819803,OBSERVER-EBID-CORE
161,177,0.125,0.26762662782059854,OBSERVER-EBID-CORE
161,225,0.125,0.10342620427673364,OBSERVER-EBID-CORE
162,163,0.125,0.03719238182700565,OBSERVER-EBID-CORE
162,166,0.125,0.07801644605658993,OBSERVER-EBID-CORE
162,170,0.125,0.07688365448219862,OBSERVER-EBID-CORE
162,178,0.125,0.07956138316341221,OBSERVER-EBID-CORE
162,226,0.125,0.13091549838540814,OBSERVER-EBID-CORE
163,167,0.125,0.06394249051707103,OBSERVER-EBID-CORE
163,171,0.125,0.10031796652788766,OBSERVER-EBID-CORE
163,179,0.125,0.04699048941503471,OBSERVER-EBID-CORE
163,227,0.125,0.02305627763092721,OBSERVER-EBID-CORE
164,165,0.125,0.30864245524984324,OBSERVER-EBID-CORE
164,166,0.125,0.3024123178920435,OBSERVER-EBID-CORE
164,172,0.125,0.07396502442479046,OBSERVER-EBID-CORE
164,180,0.125,0.3017566143107353,OBSERVER-EBID-CORE
164,228,0.125,0.07332182838000231,OBSERVER-EBID-CORE
165,167,0.125,0.08847777891425553,OBSERVER-EBID-CORE
165,173,0.125,0.09334757417928187,OBSERVER-EBID-CORE
165,181,0.125,0.08485230891493344,OBSERVER-EBID-CORE
165,229,0.125,0.09689554228546875,OBSERVER-EBID-CORE
166,167,0.125,0.042128246946028104,OBSERVER-EBID-CORE
166,174,0.125,0.057747352850809584,OBSERVER-EBID-CORE
166,182,0.125,0.1658048558793356,OBSERVER-EBID-CORE
166,230,0.125,0.1506079283729927,OBSERVER-EBID-CORE
167,175,0.125,0.11528858354316057,OBSERVER-EBID-CORE
167,183,0.125,0.12903892541455414,OBSERVER-EBID-CORE
167,231,0.125,0.15302611767851365,OBSERVER-EBID-CORE
168,169,0.125,0.5259071845058758,OBSERVER-EBID-CORE
168,170,0.125,0.5029260339039766,OBSERVER-EBID-CORE
168,172,0.125,0.2675177363308704,OBSERVER-EBID-CORE
168,184,0.125,0.6157408675100845,OBSERVER-EBID-CORE
168,232,0.125,0.45307191013516385,OBSERVER-EBID-CORE
169,171,0.125,0.16297376858112478,OBSERVER-EBID-CORE
169,173,0.125,0.17053403155573246,OBSERVER-EBID-CORE
169,185,0.125,0.19731828388961606,OBSERVER-EBID-CORE
169,233,0.125,0.4165243636984026,OBSERVER-EBID-CORE
170,171,0.125,0.018961879563204935,OBSERVER-EBID-CORE
170,174,0.125,0.06044738261842418,OBSERVER-EBID-CORE
170,186,0.125,0.0797043511039839,OBSERVER-EBID-CORE
170,234,0.125,0.5027311745478913,OBSERVER-EBID-CORE
171,175,0.125,0.08463858470321896,OBSERVER-EBID-CORE
171,187,0.125,0.06118746593974668,OBSERVER-EBID-CORE
171,235,0.125,0.4865798157992547,OBSERVER-EBID-CORE
172,173,0.125,0.18206422168515532,OBSERVER-EBID-CORE
172,174,0.125,0.1962395687552413,OBSERVER-EBID-CORE
172,188,0.125,0.09399044940554738,OBSERVER-EBID-CORE
172,236,0.125,0.18503144201267388,OBSERVER-EBID-CORE
173,175,0.125,0.044589743649346536,OBSERVER-EBID-CORE
173,189,0.125,0.09111342332770335,OBSERVER-EBID-CORE
173,237,0.125,0.20902520841129452,OBSERVER-EBID-CORE
174,175,0.125,0.059304822297531604,OBSERVER-EBID-CORE
174,190,0.125,0.13418577494893236,OBSERVER-EBID-CORE
174,238,0.125,0.4593677519441292,OBSERVER-EBID-CORE
175,191,0.125,0.13130547914622814,OBSERVER-EBID-CORE
175,239,0.125,0.40502107085969363,OBSERVER-EBID-CORE
176,177,0.125,0.03823655642963357,OBSERVER-EBID-CORE
176,178,0.125,0.08008390678143092,OBSERVER-EBID-CORE
176,180,0.125,0.07879610549487194,OBSERVER-EBID-CORE
176,184,0.125,0.13365469842259112,OBSERVER-EBID-CORE
176,240,0.125,0.07714230991693086,OBSERVER-EBID-CORE
177,179,0.125,0.04897670608491278,OBSERVER-EBID-CORE
177,181,0.125,0.06483019497830433,OBSERVER-EBID-CORE
177,185,0.125,0.023546286179189364,OBSERVER-EBID-CORE
177,241,0.125,0.10101621011995782,OBSERVER-EBID-CORE
178,179,0.125,0.005248189243981458,OBSERVER-EBID-CORE
178,182,0.125,0.2235237167273906,OBSERVER-EBID-CORE
178,186,0.125,0.07469532167460533,OBSERVER-EBID-CORE
178,242,0.125,0.07523291101196063,OBSERVER-EBID-CORE
179,183,0.125,0.1959516446917579,OBSERVER-EBID-CORE
179,187,0.125,0.15865018499530417,OBSERVER-EBID-CORE
179,243,0.125,0.15923490675115462,OBSERVER-EBID-CORE
180,181,0.125,0.0435675864322528,OBSERVER-EBID-CORE
180,182,0.125,0.166919387181092,OBSERVER-EBID-CORE
180,188,0.125,0.146270955712827,OBSERVER-EBID-CORE
180,244,0.125,0.059781510601144595,OBSERVER-EBID-CORE
181,183,0.125,0.12558645233132387,OBSERVER-EBID-CORE
181,189,0.125,0.14702966155218983,OBSERVER-EBID-CORE
181,245,0.125,0.11789545086991676,OBSERVER-EBID-CORE
182,183,0.125,0.04218362629561766,OBSERVER-EBID-CORE
182,190,0.125,0.1754523828928475,OBSERVER-EBID-CORE
182,246,0.125,0.17722566917135554,OBSERVER-EBID-CORE
183,191,0.125,0.19016950020372542,OBSERVER-EBID-CORE
183,247,0.125,0.1904220265066657,OBSERVER-EBID-CORE
184,185,0.125,0.08637579488826633,OBSERVER-EBID-CORE
184,186,0.125,0.12834013980945466,OBSERVER-EBID-CORE
184,188,0.125,0.2894063758492869,OBSERVER-EBID-CORE
184,248,0.125,0.6156819302384191,OBSERVER-EBID-CORE
185,187,0.125,0.1263930726605854,OBSERVER-EBID-CORE
185,189,0.125,0.1991327690495946,OBSERVER-EBID-CORE
185,249,0.125,0.5470534527244483,OBSERVER-EBID-CORE
186,187,0.125,0.08442876322505287,OBSERVER-EBID-CORE
186,190,0.125,0.19198763001034538,OBSERVER-EBID-CORE
186,250,0.125,0.5103256776942549,OBSERVER-EBID-CORE
187,191,0.125,0.1654627770716524,OBSERVER-EBID-CORE
187,251,0.125,0.4335940512358875,OBSERVER-EBID-CORE
188,189,0.125,0.013740342606576033,OBSERVER-EBID-CORE
188,190,0.125,0.02706627693425486,OBSERVER-EBID-CORE
188,252,0.125,0.3546273681330124,OBSERVER-EBID-CORE
189,191,0.125,0.09188482943717059,OBSERVER-EBID-CORE
189,253,0.125,0.3632134514120535,OBSERVER-EBID-CORE
190,191,0.125,0.05732973991518846,OBSERVER-EBID-CORE
190,254,0.125,0.3296445917470012,OBSERVER-EBID-CORE
191,255,0.125,0.27387492896302024,OBSERVER-EBID-CORE
192,193,0.125,0.4881738874929397,OBSERVER-EBID-CORE
192,194,0.125,0.3546496167722003,OBSERVER-EBID-CORE
192,196,0.125,0.43350896725084503,OBSERVER-EBID-CORE
192,200,0.125,0.4406099059088811,OBSERVER-EBID-CORE
192,208,0.125,0.4579139889681021,OBSERVER-EBID-CORE
192,224,0.125,0.021032188237311303,OBSERVER-EBID-CORE
193,195,0.125,0.041117575547959126,OBSERVER-EBID-CORE
193,197,0.125,0.22223865614181085,OBSERVER-EBID-CORE
193,201,0.125,0.10819376460222152,OBSERVER-EBID-CORE
193,209,0.125,0.09526689317293509,OBSERVER-EBID-CORE
193,225,0.125,0.0645679756829486,OBSERVER-EBID-CORE
194,195,0.125,0.1635280313245825,OBSERVER-EBID-CORE
194,198,0.125,0.25723431217664805,OBSERVER-EBID-CORE
194,202,0.125,0.08636226567866075,OBSERVER-EBID-CORE
194,210,0.125,0.1471512401531914,OBSERVER-EBID-CORE
194,226,0.125,0.28743584777413317,OBSERVER-EBID-CORE
195,199,0.125,0.18275632565482497,OBSERVER-EBID-CORE
195,203,0.125,0.18405732432650818,OBSERVER-EBID-CORE
195,211,0.125,0.10599709259296645,OBSERVER-EBID-CORE
195,227,0.125,0.1355325750808896,OBSERVER-EBID-CORE
196,197,0.125,0.17256508670210063,OBSERVER-EBID-CORE
196,198,0.125,0.17674989763898616,OBSERVER-EBID-CORE
196,204,0.125,0.08068611112479768,OBSERVER-EBID-CORE
196,212,0.125,0.0820676223637447,OBSERVER-EBID-CORE
196,228,0.125,0.1733607779189143,OBSERVER-EBID-CORE
197,199,0.125,0.005783538469794949,OBSERVER-EBID-CORE
197,205,0.125,0.10038966446833161,OBSERVER-EBID-CORE
197,213,0.125,0.1587171244579675,OBSERVER-EBID-CORE
197,229,0.125,0.21290137355060926,OBSERVER-EBID-CORE
198,199,0.125,0.002010816308896442,OBSERVER-EBID-CORE
198,206,0.125,0.17667066502146425,OBSERVER-EBID-CORE
198,214,0.125,0.2175557327365484,OBSERVER-EBID-CORE
198,230,0.125,0.2614671651149236,OBSERVER-EBID-CORE
199,207,0.125,0.17620868100431394,OBSERVER-EBID-CORE
199,215,0.125,0.25268324023518274,OBSERVER-EBID-CORE
199,231,0.125,0.2540599684682055,OBSERVER-EBID-CORE
200,201,0.125,0.10543756861316314,OBSERVER-EBID-CORE
200,202,0.125,0.18030213687889643,OBSERVER-EBID-CORE
200,204,0.125,0.11664855649936783,OBSERVER-EBID-CORE
200,216,0.125,0.17997209415867266,OBSERVER-EBID-CORE
200,232,0.125,0.04713614190670454,OBSERVER-EBID-CORE
201,203,0.125,0.12757330915478418,OBSERVER-EBID-CORE
201,205,0.125,0.07286896210670551,OBSERVER-EBID-CORE
201,217,0.125,0.13158478800985818,OBSERVER-EBID-CORE
201,233,0.125,0.34367863238226704,OBSERVER-EBID-CORE
202,203,0.125,0.06448464267383294,OBSERVER-EBID-CORE
202,206,0.125,0.16715588757902,OBSERVER-EBID-CORE
202,218,0.125,0.07010678334805366,OBSERVER-EBID-CORE
202,234,0.125,0.27336795944733705,OBSERVER-EBID-CORE
203,207,0.125,0.107639076903685,OBSERVER-EBID-CORE
203,219,0.125,0.16969038428902877,OBSERVER-EBID-CORE
203,235,0.125,0.3305946579938925,OBSERVER-EBID-CORE
204,205,0.125,0.059430955429300575,OBSERVER-EBID-CORE
204,206,0.125,0.08032599288366546,OBSERVER-EBID-CORE
204,220,0.125,0.08032599288104258,OBSERVER-EBID-CORE
204,236,0.125,0.12033286587627423,OBSERVER-EBID-CORE
205,207,0.125,0.08315403378566408,OBSERVER-EBID-CORE
205,221,0.125,0.08315633615466399,OBSERVER-EBID-CORE
205,237,0.125,0.29707220947242075,OBSERVER-EBID-CORE
206,207,0.125,0.008734640555556719,OBSERVER-EBID-CORE
206,222,0.125,0.09853232252850776,OBSERVER-EBID-CORE
206,238,0.125,0.4335380219233734,OBSERVER-EBID-CORE
207,223,0.125,0.16129087805650064,OBSERVER-EBID-CORE
207,239,0.125,0.4337780415598503,OBSERVER-EBID-CORE
208,209,0.125,0.009917849540281935,OBSERVER-EBID-CORE
208,210,0.125,0.059319581441705974,OBSERVER-EBID-CORE
208,212,0.125,0.0630100623326674,OBSERVER-EBID-CORE
208,216,0.125,0.18767624367690175,OBSERVER-EBID-CORE
208,240,0.125,0.06095530204415674,OBSERVER-EBID-CORE
209,211,0.125,0.042111329057915245,OBSERVER-EBID-CORE
209,213,0.125,0.061028604847808934,OBSERVER-EBID-CORE
209,217,0.125,0.1419278464113044,OBSERVER-EBID-CORE
209,241,0.125,0.05667923486991601,OBSERVER-EBID-CORE
210,211,0.125,0.07929464162693521,OBSERVER-EBID-CORE
210,214,0.125,0.07440631614233276,OBSERVER-EBID-CORE
210,218,0.125,0.2947067104349859,OBSERVER-EBID-CORE
210,242,0.125,0.08048325861298343,OBSERVER-EBID-CORE
211,215,0.125,0.03550456025177474,OBSERVER-EBID-CORE
211,219,0.125,0.2629401328309615,OBSERVER-EBID-CORE
211,243,0.125,0.05969629393104147,OBSERVER-EBID-CORE
212,213,0.125,0.0157223562166431,OBSERVER-EBID-CORE
212,214,0.125,0.07715962875434793,OBSERVER-EBID-CORE
212,220,0.125,0.08146422135528458,OBSERVER-EBID-CORE
212,244,0.125,0.06554945213449395,OBSERVER-EBID-CORE
213,215,0.125,0.11788843588027256,OBSERVER-EBID-CORE
213,221,0.125,0.08250646497429363,OBSERVER-EBID-CORE
213,245,0.125,0.10335324140564349,OBSERVER-EBID-CORE
214,215,0.125,0.0403805513650457,OBSERVER-EBID-CORE
214,222,0.125,0.09326084678014757,OBSERVER-EBID-CORE
214,246,0.125,0.10388061481942461,OBSERVER-EBID-CORE
215,223,0.125,0.11566772168717551,OBSERVER-EBID-CORE
215,247,0.125,0.11989616056808296,OBSERVER-EBID-CORE
216,217,0.125,0.0600468539208123,OBSERVER-EBID-CORE
216,218,0.125,0.06964091838440255,OBSERVER-EBID-CORE
216,220,0.125,0.1668457465796173,OBSERVER-EBID-CORE
216,248,0.125,0.27333525461187613,OBSERVER-EBID-CORE
217,219,0.125,0.16566192207462688,OBSERVER-EBID-CORE
217,221,0.125,0.11164544142608165,OBSERVER-EBID-CORE
217,249,0.125,0.32663131345070573,OBSERVER-EBID-CORE
218,219,0.125,0.04556406360608584,OBSERVER-EBID-CORE
218,222,0.125,0.1342814647490994,OBSERVER-EBID-CORE
218,250,0.125,0.2077223398021344,OBSERVER-EBID-CORE
219,223,0.125,0.11597421185113288,OBSERVER-EBID-CORE
219,251,0.125,0.16342839104009987,OBSERVER-EBID-CORE
220,221,0.125,0.008734641037968567,OBSERVER-EBID-CORE
220,222,0.125,0.09851447671818489,OBSERVER-EBID-CORE
220,252,0.125,0.43354500638864685,OBSERVER-EBID-CORE
221,223,0.125,0.16128852224530169,OBSERVER-EBID-CORE
221,253,0.125,0.43378502217178466,OBSERVER-EBID-CORE
222,223,0.125,0.06336676180892678,OBSERVER-EBID-CORE
222,254,0.125,0.3397595490242346,OBSERVER-EBID-CORE
223,255,0.125,0.2781563539177218,OBSERVER-EBID-CORE
224,225,0.125,0.5203008030024199,OBSERVER-EBID-CORE
224,226,0.125,0.6142682804074305,OBSERVER-EBID-CORE
224,228,0.125,0.2674825580337885,OBSERVER-EBID-CORE
224,232,0.125,0.4530847377612603,OBSERVER-EBID-CORE
224,240,0.125,0.5025644740643005,OBSERVER-EBID-CORE
225,227,0.125,0.18504956612414378,OBSERVER-EBID-CORE
225,229,0.125,0.161384568783839,OBSERVER-EBID-CORE
225,233,0.125,0.4097076288181608,OBSERVER-EBID-CORE
225,241,0.125,0.15323637411093577,OBSERVER-EBID-CORE
226,227,0.125,0.085475923523306,OBSERVER-EBID-CORE
226,230,0.125,0.29161319089412496,OBSERVER-EBID-CORE
226,234,0.125,0.6141892896116384,OBSERVER-EBID-CORE
226,242,0.125,0.1267382834958543,OBSERVER-EBID-CORE
227,231,0.125,0.20464293936947398,OBSERVER-EBID-CORE
227,235,0.125,0.5469596442903043,OBSERVER-EBID-CORE
227,243,0.125,0.1270309882787556,OBSERVER-EBID-CORE
228,229,0.125,0.17878108020423064,OBSERVER-EBID-CORE
228,230,0.125,0.08944561372821103,OBSERVER-EBID-CORE
228,236,0.125,0.1846369766454537,OBSERVER-EBID-CORE
228,244,0.125,0.19480031291359212,OBSERVER-EBID-CORE
229,231,0.125,0.09329804196684953,OBSERVER-EBID-CORE
229,237,0.125,0.20469255294368296,OBSERVER-EBID-CORE
229,245,0.125,0.04263590336204949,OBSERVER-EBID-CORE
230,231,0.125,0.012695633610815903,OBSERVER-EBID-CORE
230,238,0.125,0.350645165920711,OBSERVER-EBID-CORE
230,246,0.125,0.023837124012697986,OBSERVER-EBID-CORE
231,239,0.125,0.35777558906475043,OBSERVER-EBID-CORE
231,247,0.125,0.08651607339043167,OBSERVER-EBID-CORE
232,233,0.125,0.32979575803752065,OBSERVER-EBID-CORE
232,234,0.125,0.45286765267876783,OBSERVER-EBID-CORE
232,236,0.125,0.04490434300782362,OBSERVER-EBID-CORE
232,248,0.125,0.4528590527927592,OBSERVER-EBID-CORE
233,235,0.125,0.12281873732136112,OBSERVER-EBID-CORE
233,237,0.125,0.12539175995986715,OBSERVER-EBID-CORE
233,249,0.125,0.12281411697642347,OBSERVER-EBID-CORE
234,235,0.125,0.01400641681871838,OBSERVER-EBID-CORE
234,238,0.125,0.01404041944654879,OBSERVER-EBID-CORE
234,250,0.125,0.014005977780327692,OBSERVER-EBID-CORE
235,239,0.125,0.007036376955528625,OBSERVER-EBID-CORE
235,251,0.125,0.00702339942336067,OBSERVER-EBID-CORE
236,237,0.125,0.19069730116643874,OBSERVER-EBID-CORE
236,238,0.125,0.4382788572818353,OBSERVER-EBID-CORE
236,252,0.125,0.4382797176866984,OBSERVER-EBID-CORE
237,239,0.125,0.2478696559160354,OBSERVER-EBID-CORE
237,253,0.125,0.2478704164603615,OBSERVER-EBID-CORE
238,239,0.125,0.0069996049313892595,OBSERVER-EBID-CORE
238,254,0.125,0.007010452169223701,OBSERVER-EBID-CORE
239,255,0.125,0.0070014536329666465,OBSERVER-EBID-CORE
240,241,0.125,0.018941633196445533,OBSERVER-EBID-CORE
240,242,0.125,0.0799549222758104,OBSERVER-EBID-CORE
240,244,0.125,0.06293480051670568,OBSERVER-EBID-CORE
240,248,0.125,0.5023074580870951,OBSERVER-EBID-CORE
241,243,0.125,0.061168061923132344,OBSERVER-EBID-CORE
241,245,0.125,0.08632205722306502,OBSERVER-EBID-CORE
241,249,0.125,0.4861003450238219,OBSERVER-EBID-CORE
242,243,0.125,0.08448778795337154,OBSERVER-EBID-CORE
242,246,0.125,0.19325453976014806,OBSERVER-EBID-CORE
242,250,0.125,0.5099820858636275,OBSERVER-EBID-CORE
243,247,0.125,0.16531968825694218,OBSERVER-EBID-CORE
243,251,0.125,0.43325156765917683,OBSERVER-EBID-CORE
244,245,0.125,0.059311128044104065,OBSERVER-EBID-CORE
244,246,0.125,0.13490950141889654,OBSERVER-EBID-CORE
244,252,0.125,0.45802908347257326,OBSERVER-EBID-CORE
245,247,0.125,0.12998036493877704,OBSERVER-EBID-CORE
245,253,0.125,0.4035367784531574,OBSERVER-EBID-CORE
246,247,0.125,0.056292332151276214,OBSERVER-EBID-CORE
246,254,0.125,0.32812533763428736,OBSERVER-EBID-CORE
247,255,0.125,0.27368641617561773,OBSERVER-EBID-CORE
248,249,0.125,0.014008251906402541,OBSERVER-EBID-CORE
248,250,0.125,0.014009672071616673,OBSERVER-EBID-CORE
248,252,0.125,0.014046089613411689,OBSERVER-EBID-CORE
249,251,0.125,0.007026178886009045,OBSERVER-EBID-CORE
249,253,0.125,0.007040023813033875,OBSERVER-EBID-CORE
250,251,0.125,0.007024067866933799,OBSERVER-EBID-CORE
250,254,0.125,0.0070573576854786,OBSERVER-EBID-CORE
251,255,0.125,0.007009910054070001,OBSERVER-EBID-CORE
252,253,0.125,0.006999605533039416,OBSERVER-EBID-CORE
252,254,0.125,0.007010179469786595,OBSERVER-EBID-CORE
253,255,0.125,0.007001241312041553,OBSERVER-EBID-CORE
254,255,0.125,0.0069934043116438175,OBSERVER-EBID-CORE
