subset,featureCount,activeFeatureCount,geometryStabilitySpearman,localEdgeStabilitySpearman,top10LocalEdgeJaccard
OBS-POLARIZATION,1,1,0.9228617923587012,0.8545067967933077,0.5238095238095238
OBS-HEADING-ENTROPY,1,1,0.7873416063313259,0.6768490763332171,0.5238095238095238
OBS-POLARIZATION|OBS-HEADING-ENTROPY,2,2,0.8714849808466393,0.771129313349599,0.6
OBS-SPATIAL,1,1,0.8667446906321183,0.7821924015336355,0.3333333333333333
OBS-POLARIZATION|OBS-SPATIAL,2,2,0.9276189280219472,0.859923318229348,0.6
OBS-HEADING-ENTROPY|OBS-SPATIAL,2,2,0.8941811427210518,0.7876089229696757,0.45454545454545453
OBS-POLARIZATION|OBS-HEADING-ENTROPY|OBS-SPATIAL,3,3,0.9147556027504112,0.8109794353433252,0.45454545454545453
OBS-SPEED-VARIANCE,1,1,0.8427472728780833,0.8670338096897874,0.6
OBS-POLARIZATION|OBS-SPEED-VARIANCE,2,2,0.8955095609421234,0.9038828860230045,0.7777777777777778
OBS-HEADING-ENTROPY|OBS-SPEED-VARIANCE,2,2,0.8665743699044016,0.8347751829905891,0.6842105263157895
OBS-POLARIZATION|OBS-HEADING-ENTROPY|OBS-SPEED-VARIANCE,3,3,0.8937493873318183,0.8601603346113628,0.6842105263157895
OBS-SPATIAL|OBS-SPEED-VARIANCE,2,2,0.9194820834426011,0.8913942140118506,0.5238095238095238
OBS-POLARIZATION|OBS-SPATIAL|OBS-SPEED-VARIANCE,3,3,0.9427767433778567,0.9115894039735098,0.7777777777777778
OBS-HEADING-ENTROPY|OBS-SPATIAL|OBS-SPEED-VARIANCE,3,3,0.9322381393148836,0.8797769257581037,0.6
OBS-POLARIZATION|OBS-HEADING-ENTROPY|OBS-SPATIAL|OBS-SPEED-VARIANCE,4,4,0.9388382827229781,0.8819972115719762,0.6842105263157895
OBS-TRANSITION-RATE,1,1,-0.025447087013192475,0.277640907713899,0.5238095238095238
OBS-POLARIZATION|OBS-TRANSITION-RATE,2,2,0.7723455088756828,0.7893203206692225,0.391304347826087
OBS-HEADING-ENTROPY|OBS-TRANSITION-RATE,2,2,0.6840519366746061,0.6766225165562914,0.3333333333333333
OBS-POLARIZATION|OBS-HEADING-ENTROPY|OBS-TRANSITION-RATE,3,3,0.7493605805762525,0.7440013942140118,0.3333333333333333
OBS-SPATIAL|OBS-TRANSITION-RATE,2,2,0.7045989671549961,0.776681770651795,0.28
OBS-POLARIZATION|OBS-SPATIAL|OBS-TRANSITION-RATE,3,3,0.7984499062063409,0.8410770303241546,0.28
OBS-HEADING-ENTROPY|OBS-SPATIAL|OBS-TRANSITION-RATE,3,3,0.8042207004151503,0.7905437434646219,0.3333333333333333
OBS-POLARIZATION|OBS-HEADING-ENTROPY|OBS-SPATIAL|OBS-TRANSITION-RATE,4,4,0.8124871328897816,0.7994492854653189,0.391304347826087
OBS-SPEED-VARIANCE|OBS-TRANSITION-RATE,2,2,0.7707090896566071,0.8588662067502447,0.391304347826087
OBS-POLARIZATION|OBS-SPEED-VARIANCE|OBS-TRANSITION-RATE,3,3,0.8014700097038838,0.8869153014987798,0.391304347826087
OBS-HEADING-ENTROPY|OBS-SPEED-VARIANCE|OBS-TRANSITION-RATE,3,3,0.7929007685465075,0.8255768560474032,0.391304347826087
OBS-POLARIZATION|OBS-HEADING-ENTROPY|OBS-SPEED-VARIANCE|OBS-TRANSITION-RATE,4,4,0.8025118051231848,0.8465772046009061,0.391304347826087
OBS-SPATIAL|OBS-SPEED-VARIANCE|OBS-TRANSITION-RATE,3,3,0.8083393489676971,0.8848379226211223,0.391304347826087
OBS-POLARIZATION|OBS-SPATIAL|OBS-SPEED-VARIANCE|OBS-TRANSITION-RATE,4,4,0.8330342792466359,0.8956124918202177,0.391304347826087
OBS-HEADING-ENTROPY|OBS-SPATIAL|OBS-SPEED-VARIANCE|OBS-TRANSITION-RATE,4,4,0.8417235349655213,0.8714151272220284,0.45454545454545453
OBS-POLARIZATION|OBS-HEADING-ENTROPY|OBS-SPATIAL|OBS-SPEED-VARIANCE|OBS-TRANSITION-RATE,5,5,0.8427404588229438,0.8704538780535528,0.5238095238095238
OBS-METASTABLE-DWELL,1,1,-0.025447087013192475,0.277640907713899,0.5238095238095238
OBS-POLARIZATION|OBS-METASTABLE-DWELL,2,2,0.7704121510511657,0.7870396761526045,0.391304347826087
OBS-HEADING-ENTROPY|OBS-METASTABLE-DWELL,2,2,0.6836120405647045,0.6759436202449955,0.3333333333333333
OBS-POLARIZATION|OBS-HEADING-ENTROPY|OBS-METASTABLE-DWELL,3,3,0.7484162433974373,0.7427936043577221,0.3333333333333333
OBS-SPATIAL|OBS-METASTABLE-DWELL,2,2,0.7026367456265342,0.775375276627152,0.28
OBS-POLARIZATION|OBS-SPATIAL|OBS-METASTABLE-DWELL,3,3,0.7969134252876486,0.839612250224569,0.28
OBS-HEADING-ENTROPY|OBS-SPATIAL|OBS-METASTABLE-DWELL,3,3,0.803163155747742,0.7895645871115049,0.3333333333333333
OBS-POLARIZATION|OBS-HEADING-ENTROPY|OBS-SPATIAL|OBS-METASTABLE-DWELL,4,4,0.8123817736387055,0.7991254693571236,0.391304347826087
OBS-SPEED-VARIANCE|OBS-METASTABLE-DWELL,2,2,0.7700212285000343,0.8595604664601488,0.391304347826087
OBS-POLARIZATION|OBS-SPEED-VARIANCE|OBS-METASTABLE-DWELL,3,3,0.800834380814549,0.8872217536545601,0.391304347826087
OBS-HEADING-ENTROPY|OBS-SPEED-VARIANCE|OBS-METASTABLE-DWELL,3,3,0.7925443837537087,0.8254099383457477,0.391304347826087
OBS-POLARIZATION|OBS-HEADING-ENTROPY|OBS-SPEED-VARIANCE|OBS-METASTABLE-DWELL,4,4,0.8024289980952809,0.8464391277675533,0.391304347826087
OBS-SPATIAL|OBS-SPEED-VARIANCE|OBS-METASTABLE-DWELL,3,3,0.8074210373158296,0.8843699075405437,0.391304347826087
OBS-POLARIZATION|OBS-SPATIAL|OBS-SPEED-VARIANCE|OBS-METASTABLE-DWELL,4,4,0.8328586566876861,0.8952692663990696,0.391304347826087
OBS-HEADING-ENTROPY|OBS-SPATIAL|OBS-SPEED-VARIANCE|OBS-METASTABLE-DWELL,4,4,0.8416188286991907,0.8712171581571789,0.45454545454545453
OBS-POLARIZATION|OBS-HEADING-ENTROPY|OBS-SPATIAL|OBS-SPEED-VARIANCE|OBS-METASTABLE-DWELL,5,5,0.8426447884609252,0.8703624309973403,0.5238095238095238
OBS-TRANSITION-RATE|OBS-METASTABLE-DWELL,2,2,-0.025447087013192475,0.277640907713899,0.5238095238095238
OBS-POLARIZATION|OBS-TRANSITION-RATE|OBS-METASTABLE-DWELL,3,3,0.7705044522501276,0.787017317041622,0.391304347826087
OBS-HEADING-ENTROPY|OBS-TRANSITION-RATE|OBS-METASTABLE-DWELL,3,3,0.6830641549484493,0.6757869586012746,0.3333333333333333
OBS-POLARIZATION|OBS-HEADING-ENTROPY|OBS-TRANSITION-RATE|OBS-METASTABLE-DWELL,4,4,0.7489562931184515,0.743254701073295,0.3333333333333333
OBS-SPATIAL|OBS-TRANSITION-RATE|OBS-METASTABLE-DWELL,3,3,0.702690099734333,0.7756495612074484,0.28
OBS-POLARIZATION|OBS-SPATIAL|OBS-TRANSITION-RATE|OBS-METASTABLE-DWELL,4,4,0.7980107664807368,0.8401272603474387,0.28
OBS-HEADING-ENTROPY|OBS-SPATIAL|OBS-TRANSITION-RATE|OBS-METASTABLE-DWELL,4,4,0.8039150265612018,0.7902173524778665,0.3333333333333333
OBS-POLARIZATION|OBS-HEADING-ENTROPY|OBS-SPATIAL|OBS-TRANSITION-RATE|OBS-METASTABLE-DWELL,5,5,0.8122533875416951,0.7990545403846321,0.391304347826087
OBS-SPEED-VARIANCE|OBS-TRANSITION-RATE|OBS-METASTABLE-DWELL,3,3,0.7700075994849355,0.8598955683384993,0.391304347826087
OBS-POLARIZATION|OBS-SPEED-VARIANCE|OBS-TRANSITION-RATE|OBS-METASTABLE-DWELL,4,4,0.801293527586207,0.8872261107859646,0.391304347826087
OBS-HEADING-ENTROPY|OBS-SPEED-VARIANCE|OBS-TRANSITION-RATE|OBS-METASTABLE-DWELL,4,4,0.7927737374080613,0.8254078632627202,0.391304347826087
OBS-POLARIZATION|OBS-HEADING-ENTROPY|OBS-SPEED-VARIANCE|OBS-TRANSITION-RATE|OBS-METASTABLE-DWELL,5,5,0.80242594146945,0.8467110033019637,0.391304347826087
OBS-SPATIAL|OBS-SPEED-VARIANCE|OBS-TRANSITION-RATE|OBS-METASTABLE-DWELL,4,4,0.8078331668496227,0.8846510461259428,0.391304347826087
OBS-POLARIZATION|OBS-SPATIAL|OBS-SPEED-VARIANCE|OBS-TRANSITION-RATE|OBS-METASTABLE-DWELL,5,5,0.8327279793151492,0.8953304466951432,0.391304347826087
OBS-HEADING-ENTROPY|OBS-SPATIAL|OBS-SPEED-VARIANCE|OBS-TRANSITION-RATE|OBS-METASTABLE-DWELL,5,5,0.8414267412309735,0.8710536451552748,0.45454545454545453
OBS-POLARIZATION|OBS-HEADING-ENTROPY|OBS-SPATIAL|OBS-SPEED-VARIANCE|OBS-TRANSITION-RATE|OBS-METASTABLE-DWELL,6,6,0.8425090191916145,0.8698786994502344,0.5238095238095238
