seed,dimension,sign,center_unit,mutant_unit,actual_step_unit,initial_mutant_fraction,final_mutant_fraction,frequency_change,extinct,final_population
14003,forage_weight,-1,0.5355922213221894,0.4755922213221894,0.06,0.10909090909090909,0.25,0.14090909090909093,False,4
14003,forage_weight,1,0.5355922213221894,0.5955922213221894,0.05999999999999994,0.10909090909090909,0.0,-0.10909090909090909,False,2
14003,hazard_avoidance,-1,0.42033309814839226,0.36033309814839226,0.06,0.10909090909090909,0.0,-0.10909090909090909,False,2
14003,hazard_avoidance,1,0.42033309814839226,0.48033309814839226,0.06,0.10909090909090909,0.0,-0.10909090909090909,False,3
14003,exploration,-1,0.3889836135776569,0.3289836135776569,0.06,0.10909090909090909,0.5,0.39090909090909093,False,4
14003,exploration,1,0.3889836135776569,0.44898361357765687,0.06,0.10909090909090909,0.3333333333333333,0.22424242424242424,False,3
14003,reproduction_threshold,-1,0.39996272352252843,0.33996272352252843,0.06,0.10909090909090909,0.0,-0.10909090909090909,False,3
14003,reproduction_threshold,1,0.39996272352252843,0.4599627235225284,0.06,0.10909090909090909,0.0,-0.10909090909090909,False,3
14011,forage_weight,-1,0.5232337761294286,0.46323377612942856,0.06,0.09259259259259259,0.0,-0.09259259259259259,False,5
14011,forage_weight,1,0.5232337761294286,0.5832337761294286,0.06000000000000005,0.09259259259259259,0.0,-0.09259259259259259,False,5
14011,hazard_avoidance,-1,0.4256625554000795,0.3656625554000795,0.06,0.09259259259259259,0.0,-0.09259259259259259,False,4
14011,hazard_avoidance,1,0.4256625554000795,0.4856625554000795,0.06,0.09259259259259259,0.0,-0.09259259259259259,False,5
14011,exploration,-1,0.41893521112035675,0.35893521112035676,0.06,0.09259259259259259,0.0,-0.09259259259259259,False,5
14011,exploration,1,0.41893521112035675,0.47893521112035675,0.06,0.09259259259259259,0.0,-0.09259259259259259,False,4
14011,reproduction_threshold,-1,0.4478831851056755,0.3878831851056755,0.06,0.09259259259259259,0.0,-0.09259259259259259,False,5
14011,reproduction_threshold,1,0.4478831851056755,0.5078831851056755,0.06000000000000005,0.09259259259259259,0.0,-0.09259259259259259,False,5
14029,forage_weight,-1,0.5306919169457908,0.47069191694579077,0.06,0.09836065573770492,0.0,-0.09836065573770492,False,4
14029,forage_weight,1,0.5306919169457908,0.5906919169457907,0.05999999999999994,0.09836065573770492,0.2,0.1016393442622951,False,5
14029,hazard_avoidance,-1,0.39974442119091924,0.33974442119091924,0.06,0.09836065573770492,0.2,0.1016393442622951,False,5
14029,hazard_avoidance,1,0.39974442119091924,0.45974442119091924,0.06,0.09836065573770492,0.0,-0.09836065573770492,False,5
14029,exploration,-1,0.3991992480265826,0.3391992480265826,0.06,0.09836065573770492,0.25,0.15163934426229508,False,4
14029,exploration,1,0.3991992480265826,0.4591992480265826,0.06,0.09836065573770492,0.0,-0.09836065573770492,False,5
14029,reproduction_threshold,-1,0.4626244727128972,0.4026244727128972,0.06,0.09836065573770492,0.0,-0.09836065573770492,False,5
14029,reproduction_threshold,1,0.4626244727128972,0.5226244727128972,0.06000000000000005,0.09836065573770492,0.0,-0.09836065573770492,False,5
14041,forage_weight,-1,0.549983108016699,0.48998310801669903,0.06,0.10344827586206896,0.0,-0.10344827586206896,False,6
14041,forage_weight,1,0.549983108016699,0.6099831080166991,0.06000000000000005,0.10344827586206896,0.0,-0.10344827586206896,False,6
14041,hazard_avoidance,-1,0.38267537438976096,0.32267537438976096,0.06,0.10344827586206896,0.0,-0.10344827586206896,False,4
14041,hazard_avoidance,1,0.38267537438976096,0.44267537438976096,0.06,0.10344827586206896,0.0,-0.10344827586206896,False,4
14041,exploration,-1,0.39615046355642664,0.33615046355642664,0.06,0.10344827586206896,0.0,-0.10344827586206896,False,5
14041,exploration,1,0.39615046355642664,0.45615046355642663,0.06,0.10344827586206896,0.0,-0.10344827586206896,False,4
14041,reproduction_threshold,-1,0.4640325279837125,0.4040325279837125,0.06,0.10344827586206896,0.0,-0.10344827586206896,False,4
14041,reproduction_threshold,1,0.4640325279837125,0.5240325279837125,0.06,0.10344827586206896,0.0,-0.10344827586206896,False,4
14057,forage_weight,-1,0.5144564078287217,0.4544564078287217,0.06,0.09259259259259259,0.0,-0.09259259259259259,False,5
14057,forage_weight,1,0.5144564078287217,0.5744564078287218,0.06000000000000005,0.09259259259259259,0.3333333333333333,0.24074074074074073,False,3
14057,hazard_avoidance,-1,0.4082752448003679,0.3482752448003679,0.06,0.09259259259259259,0.25,0.1574074074074074,False,4
14057,hazard_avoidance,1,0.4082752448003679,0.4682752448003679,0.06,0.09259259259259259,0.16666666666666666,0.07407407407407407,False,6
14057,exploration,-1,0.44461513604544256,0.38461513604544256,0.06,0.09259259259259259,0.25,0.1574074074074074,False,4
14057,exploration,1,0.44461513604544256,0.5046151360454425,0.05999999999999994,0.09259259259259259,0.0,-0.09259259259259259,False,5
14057,reproduction_threshold,-1,0.43257497991692906,0.37257497991692906,0.06,0.09259259259259259,0.0,-0.09259259259259259,False,4
14057,reproduction_threshold,1,0.43257497991692906,0.49257497991692906,0.06,0.09259259259259259,0.0,-0.09259259259259259,False,4
14071,forage_weight,-1,0.5619636800563715,0.5019636800563716,0.05999999999999994,0.09803921568627451,0.0,-0.09803921568627451,False,4
14071,forage_weight,1,0.5619636800563715,0.6219636800563715,0.05999999999999994,0.09803921568627451,0.0,-0.09803921568627451,False,4
14071,hazard_avoidance,-1,0.4338419838405451,0.3738419838405451,0.06,0.09803921568627451,0.0,-0.09803921568627451,False,2
14071,hazard_avoidance,1,0.4338419838405451,0.4938419838405451,0.06,0.09803921568627451,0.0,-0.09803921568627451,False,3
14071,exploration,-1,0.3794893929383297,0.3194893929383297,0.06,0.09803921568627451,0.0,-0.09803921568627451,False,3
14071,exploration,1,0.3794893929383297,0.43948939293832967,0.06,0.09803921568627451,0.0,-0.09803921568627451,False,4
14071,reproduction_threshold,-1,0.4438658316880996,0.3838658316880996,0.06,0.09803921568627451,0.3333333333333333,0.23529411764705882,False,3
14071,reproduction_threshold,1,0.4438658316880996,0.5038658316880996,0.06,0.09803921568627451,0.0,-0.09803921568627451,False,4
14087,forage_weight,-1,0.49489052892300806,0.43489052892300806,0.06,0.1016949152542373,0.0,-0.1016949152542373,False,4
14087,forage_weight,1,0.49489052892300806,0.554890528923008,0.06,0.1016949152542373,0.0,-0.1016949152542373,False,5
14087,hazard_avoidance,-1,0.39336613901749823,0.33336613901749823,0.06,0.1016949152542373,0.0,-0.1016949152542373,False,4
14087,hazard_avoidance,1,0.39336613901749823,0.4533661390174982,0.06,0.1016949152542373,0.0,-0.1016949152542373,False,3
14087,exploration,-1,0.4227644060517611,0.3627644060517611,0.06,0.1016949152542373,0.0,-0.1016949152542373,False,4
14087,exploration,1,0.4227644060517611,0.4827644060517611,0.06,0.1016949152542373,0.0,-0.1016949152542373,False,4
14087,reproduction_threshold,-1,0.4467126959706587,0.3867126959706587,0.06,0.1016949152542373,0.0,-0.1016949152542373,False,5
14087,reproduction_threshold,1,0.4467126959706587,0.5067126959706587,0.06,0.1016949152542373,0.0,-0.1016949152542373,False,5
14101,forage_weight,-1,0.5113019874438091,0.45130198744380906,0.06,0.1,0.0,-0.1,False,3
14101,forage_weight,1,0.5113019874438091,0.571301987443809,0.05999999999999994,0.1,0.2,0.1,False,5
14101,hazard_avoidance,-1,0.33527620827705457,0.27527620827705457,0.06,0.1,0.2,0.1,False,5
14101,hazard_avoidance,1,0.33527620827705457,0.39527620827705456,0.06,0.1,0.0,-0.1,False,4
14101,exploration,-1,0.4527493064534806,0.3927493064534806,0.06,0.1,0.0,-0.1,False,4
14101,exploration,1,0.4527493064534806,0.5127493064534806,0.06,0.1,0.0,-0.1,False,5
14101,reproduction_threshold,-1,0.4421822521529977,0.3821822521529977,0.06,0.1,0.0,-0.1,False,3
14101,reproduction_threshold,1,0.4421822521529977,0.5021822521529977,0.06,0.1,0.0,-0.1,False,3
14119,forage_weight,-1,0.5298183341146242,0.4698183341146242,0.06,0.1,0.14285714285714285,0.042857142857142844,False,7
14119,forage_weight,1,0.5298183341146242,0.5898183341146241,0.05999999999999994,0.1,0.0,-0.1,False,7
14119,hazard_avoidance,-1,0.41102097333476806,0.35102097333476806,0.06,0.1,0.0,-0.1,False,7
14119,hazard_avoidance,1,0.41102097333476806,0.47102097333476806,0.06,0.1,0.14285714285714285,0.042857142857142844,False,7
14119,exploration,-1,0.4091588800008478,0.3491588800008478,0.06,0.1,0.25,0.15,False,8
14119,exploration,1,0.4091588800008478,0.4691588800008478,0.06,0.1,0.125,0.024999999999999994,False,8
14119,reproduction_threshold,-1,0.44705055995089465,0.38705055995089466,0.06,0.1,0.14285714285714285,0.042857142857142844,False,7
14119,reproduction_threshold,1,0.44705055995089465,0.5070505599508947,0.06,0.1,0.14285714285714285,0.042857142857142844,False,7
14137,forage_weight,-1,0.5499655614915309,0.48996556149153087,0.06,0.09523809523809523,0.0,-0.09523809523809523,False,8
14137,forage_weight,1,0.5499655614915309,0.6099655614915309,0.06000000000000005,0.09523809523809523,0.0,-0.09523809523809523,False,6
14137,hazard_avoidance,-1,0.4227668777650235,0.3627668777650235,0.06,0.09523809523809523,0.0,-0.09523809523809523,False,4
14137,hazard_avoidance,1,0.4227668777650235,0.48276687776502347,0.06,0.09523809523809523,0.0,-0.09523809523809523,False,7
14137,exploration,-1,0.45105292214298903,0.39105292214298903,0.06,0.09523809523809523,0.0,-0.09523809523809523,False,5
14137,exploration,1,0.45105292214298903,0.511052922142989,0.06,0.09523809523809523,0.0,-0.09523809523809523,False,7
14137,reproduction_threshold,-1,0.4147366338521382,0.3547366338521382,0.06,0.09523809523809523,0.0,-0.09523809523809523,False,5
14137,reproduction_threshold,1,0.4147366338521382,0.4747366338521382,0.06,0.09523809523809523,0.0,-0.09523809523809523,False,5
14153,forage_weight,-1,0.5515619545048278,0.4915619545048278,0.06,0.10666666666666667,0.0,-0.10666666666666667,False,5
14153,forage_weight,1,0.5515619545048278,0.6115619545048279,0.06000000000000005,0.10666666666666667,0.0,-0.10666666666666667,False,6
14153,hazard_avoidance,-1,0.4165617064265176,0.3565617064265176,0.06,0.10666666666666667,0.0,-0.10666666666666667,False,7
14153,hazard_avoidance,1,0.4165617064265176,0.4765617064265176,0.06,0.10666666666666667,0.0,-0.10666666666666667,False,5
14153,exploration,-1,0.4245912999912827,0.3645912999912827,0.06,0.10666666666666667,0.0,-0.10666666666666667,False,7
14153,exploration,1,0.4245912999912827,0.4845912999912827,0.06,0.10666666666666667,0.0,-0.10666666666666667,False,5
14153,reproduction_threshold,-1,0.4065169479739476,0.3465169479739476,0.06,0.10666666666666667,0.125,0.018333333333333326,False,8
14153,reproduction_threshold,1,0.4065169479739476,0.4665169479739476,0.06,0.10666666666666667,0.14285714285714285,0.036190476190476176,False,7
14173,forage_weight,-1,0.532878941878885,0.47287894187888496,0.06,0.10714285714285714,0.0,-0.10714285714285714,False,5
14173,forage_weight,1,0.532878941878885,0.5928789418788849,0.05999999999999994,0.10714285714285714,0.0,-0.10714285714285714,False,7
14173,hazard_avoidance,-1,0.3872769696348363,0.3272769696348363,0.06,0.10714285714285714,0.0,-0.10714285714285714,False,6
14173,hazard_avoidance,1,0.3872769696348363,0.4472769696348363,0.06,0.10714285714285714,0.0,-0.10714285714285714,False,5
14173,exploration,-1,0.40097604092953604,0.34097604092953604,0.06,0.10714285714285714,0.0,-0.10714285714285714,False,4
14173,exploration,1,0.40097604092953604,0.46097604092953604,0.06,0.10714285714285714,0.0,-0.10714285714285714,False,6
14173,reproduction_threshold,-1,0.41838346747777744,0.35838346747777744,0.06,0.10714285714285714,0.0,-0.10714285714285714,False,5
14173,reproduction_threshold,1,0.41838346747777744,0.47838346747777744,0.06,0.10714285714285714,0.0,-0.10714285714285714,False,5
