substrate,observerId,featureCount,features,geometryStabilitySpearman,localEdgeStabilitySpearman,top10LocalEdgeJaccard,global_geometryRank,local_geometryRank,boundary_recoveryRank
Network,NETWORK-OBSSET-100000,1,OBS-NETWORK-ACTIVITY,0.9919666480487416,0.9867007762567962,0.7142857142857143,22,22,40
Network,NETWORK-OBSSET-010000,1,OBS-SHANNON,0.9922018109197395,0.9878681076728911,1.0,21,20,8
Network,NETWORK-OBSSET-001000,1,OBS-NETWORK-ORDER,0.9910020236507155,0.9813644040689338,1.0,27,35,4
Network,NETWORK-OBSSET-000100,1,OBS-SWITCH-RATE,0.9905545575908767,0.9894801367713078,0.5,30,13,58
Network,NETWORK-OBSSET-000010,1,OBS-TRANSITION-RATE,0.8901571041229143,0.8855570717552025,0.7142857142857143,63,63,31
Network,NETWORK-OBSSET-000001,1,OBS-METASTABLE-DWELL,0.8954376497408936,0.9010756319905211,0.7142857142857143,62,62,30
Network,NETWORK-OBSSET-110000,2,OBS-NETWORK-ACTIVITY|OBS-SHANNON,0.9861178278081668,0.9915368635520465,1.0,40,6,24
Network,NETWORK-OBSSET-101000,2,OBS-NETWORK-ACTIVITY|OBS-NETWORK-ORDER,0.9934329912904742,0.9904807065565321,1.0,11,10,22
Network,NETWORK-OBSSET-100100,2,OBS-NETWORK-ACTIVITY|OBS-SWITCH-RATE,0.9904831812969844,0.982642909905609,1.0,31,29,20
Network,NETWORK-OBSSET-100010,2,OBS-NETWORK-ACTIVITY|OBS-TRANSITION-RATE,0.9895537692408919,0.9802156289450535,0.7142857142857143,35,38,41
Network,NETWORK-OBSSET-100001,2,OBS-NETWORK-ACTIVITY|OBS-METASTABLE-DWELL,0.9825895202698844,0.9327553643391416,1.0,48,60,19
Network,NETWORK-OBSSET-011000,2,OBS-SHANNON|OBS-NETWORK-ORDER,0.993073968363635,0.9888686774581154,1.0,15,15,13
Network,NETWORK-OBSSET-010100,2,OBS-SHANNON|OBS-SWITCH-RATE,0.9948559549734793,0.9934268287019145,1.0,8,3,11
Network,NETWORK-OBSSET-010010,2,OBS-SHANNON|OBS-TRANSITION-RATE,0.9923097317173506,0.9879126390714221,0.5,19,19,59
Network,NETWORK-OBSSET-010001,2,OBS-SHANNON|OBS-METASTABLE-DWELL,0.9743298650555459,0.961987330595242,1.0,56,54,9
Network,NETWORK-OBSSET-001100,2,OBS-NETWORK-ORDER|OBS-SWITCH-RATE,0.9957355326050521,0.9934268287019145,1.0,2,2,6
Network,NETWORK-OBSSET-001010,2,OBS-NETWORK-ORDER|OBS-TRANSITION-RATE,0.9931382042315019,0.9862176296212111,1.0,13,23,5
Network,NETWORK-OBSSET-001001,2,OBS-NETWORK-ORDER|OBS-METASTABLE-DWELL,0.9686855654336968,0.9436200970445933,0.7142857142857143,60,59,33
Network,NETWORK-OBSSET-000110,2,OBS-SWITCH-RATE|OBS-TRANSITION-RATE,0.9946234833116219,0.9817717031944277,1.0,9,32,2
Network,NETWORK-OBSSET-000101,2,OBS-SWITCH-RATE|OBS-METASTABLE-DWELL,0.970741012976122,0.9553184409550669,0.7142857142857143,59,57,32
Network,NETWORK-OBSSET-000011,2,OBS-TRANSITION-RATE|OBS-METASTABLE-DWELL,0.9134522370061658,0.9180389563041033,1.0,61,61,1
Network,NETWORK-OBSSET-111000,3,OBS-NETWORK-ACTIVITY|OBS-SHANNON|OBS-NETWORK-ORDER,0.995156187182569,0.9936491775430754,1.0,4,1,26
Network,NETWORK-OBSSET-110100,3,OBS-NETWORK-ACTIVITY|OBS-SHANNON|OBS-SWITCH-RATE,0.9908250807137995,0.9913145147108854,0.7142857142857143,28,7,52
Network,NETWORK-OBSSET-110010,3,OBS-NETWORK-ACTIVITY|OBS-SHANNON|OBS-TRANSITION-RATE,0.9917047156202093,0.9905524078873249,0.7142857142857143,23,9,51
Network,NETWORK-OBSSET-110001,3,OBS-NETWORK-ACTIVITY|OBS-SHANNON|OBS-METASTABLE-DWELL,0.9879467665790986,0.9745748597910722,0.7142857142857143,39,41,50
Network,NETWORK-OBSSET-101100,3,OBS-NETWORK-ACTIVITY|OBS-NETWORK-ORDER|OBS-SWITCH-RATE,0.9939872222315886,0.9917592123932073,0.7142857142857143,10,5,47
Network,NETWORK-OBSSET-101010,3,OBS-NETWORK-ACTIVITY|OBS-NETWORK-ORDER|OBS-TRANSITION-RATE,0.9884333479213749,0.9848838516931759,0.7142857142857143,36,25,45
Network,NETWORK-OBSSET-101001,3,OBS-NETWORK-ACTIVITY|OBS-NETWORK-ORDER|OBS-METASTABLE-DWELL,0.9832484741228557,0.9701845074446237,0.5,46,49,61
Network,NETWORK-OBSSET-100110,3,OBS-NETWORK-ACTIVITY|OBS-SWITCH-RATE|OBS-TRANSITION-RATE,0.9932623466853965,0.9817994902345952,1.0,12,31,21
Network,NETWORK-OBSSET-100101,3,OBS-NETWORK-ACTIVITY|OBS-SWITCH-RATE|OBS-METASTABLE-DWELL,0.9900503390564701,0.9739079708270547,0.7142857142857143,33,44,43
Network,NETWORK-OBSSET-100011,3,OBS-NETWORK-ACTIVITY|OBS-TRANSITION-RATE|OBS-METASTABLE-DWELL,0.9851330115290088,0.9557352465575778,0.7142857142857143,42,56,42
Network,NETWORK-OBSSET-011100,3,OBS-SHANNON|OBS-NETWORK-ORDER|OBS-SWITCH-RATE,0.9952429463000246,0.9923150844961097,1.0,3,4,17
Network,NETWORK-OBSSET-011010,3,OBS-SHANNON|OBS-NETWORK-ORDER|OBS-TRANSITION-RATE,0.9930993918781006,0.9884128057944352,1.0,14,17,15
Network,NETWORK-OBSSET-011001,3,OBS-SHANNON|OBS-NETWORK-ORDER|OBS-METASTABLE-DWELL,0.979083566140932,0.9712682020111522,1.0,54,47,14
Network,NETWORK-OBSSET-010110,3,OBS-SHANNON|OBS-SWITCH-RATE|OBS-TRANSITION-RATE,0.9951187757947848,0.990635769007827,0.7142857142857143,5,8,38
Network,NETWORK-OBSSET-010101,3,OBS-SHANNON|OBS-SWITCH-RATE|OBS-METASTABLE-DWELL,0.9807437683714649,0.9739357578672221,0.7142857142857143,52,42,37
Network,NETWORK-OBSSET-010011,3,OBS-SHANNON|OBS-TRANSITION-RATE|OBS-METASTABLE-DWELL,0.9759340166146396,0.9639879974872945,1.0,55,53,10
Network,NETWORK-OBSSET-001110,3,OBS-NETWORK-ORDER|OBS-SWITCH-RATE|OBS-TRANSITION-RATE,0.9958465074210632,0.9867177963442242,0.7142857142857143,1,21,35
Network,NETWORK-OBSSET-001101,3,OBS-NETWORK-ORDER|OBS-SWITCH-RATE|OBS-METASTABLE-DWELL,0.9813104249173435,0.9696565536814432,1.0,50,50,7
Network,NETWORK-OBSSET-001011,3,OBS-NETWORK-ORDER|OBS-TRANSITION-RATE|OBS-METASTABLE-DWELL,0.9718901530538846,0.9487606994755615,0.7142857142857143,58,58,34
Network,NETWORK-OBSSET-000111,3,OBS-SWITCH-RATE|OBS-TRANSITION-RATE|OBS-METASTABLE-DWELL,0.9724339186824037,0.9567633670437716,1.0,57,55,3
Network,NETWORK-OBSSET-111100,4,OBS-NETWORK-ACTIVITY|OBS-SHANNON|OBS-NETWORK-ORDER|OBS-SWITCH-RATE,0.9845772826896628,0.9894801367713078,1.0,43,14,29
Network,NETWORK-OBSSET-111010,4,OBS-NETWORK-ACTIVITY|OBS-SHANNON|OBS-NETWORK-ORDER|OBS-TRANSITION-RATE,0.9904624349264096,0.9901911763651488,1.0,32,12,27
Network,NETWORK-OBSSET-111001,4,OBS-NETWORK-ACTIVITY|OBS-SHANNON|OBS-NETWORK-ORDER|OBS-METASTABLE-DWELL,0.9928933439431306,0.9811326012705776,0.7142857142857143,16,36,55
Network,NETWORK-OBSSET-110110,4,OBS-NETWORK-ACTIVITY|OBS-SHANNON|OBS-SWITCH-RATE|OBS-TRANSITION-RATE,0.9882609754106799,0.9885239539551047,1.0,37,16,25
Network,NETWORK-OBSSET-110101,4,OBS-NETWORK-ACTIVITY|OBS-SHANNON|OBS-SWITCH-RATE|OBS-METASTABLE-DWELL,0.9923893541188139,0.9821329347166039,0.7142857142857143,18,30,53
Network,NETWORK-OBSSET-110011,4,OBS-NETWORK-ACTIVITY|OBS-SHANNON|OBS-TRANSITION-RATE|OBS-METASTABLE-DWELL,0.9898361562005324,0.9758252765986051,0.5,34,39,62
Network,NETWORK-OBSSET-101110,4,OBS-NETWORK-ACTIVITY|OBS-NETWORK-ORDER|OBS-SWITCH-RATE|OBS-TRANSITION-RATE,0.995059130339925,0.9850505739341804,0.7142857142857143,6,24,48
Network,NETWORK-OBSSET-101101,4,OBS-NETWORK-ACTIVITY|OBS-NETWORK-ORDER|OBS-SWITCH-RATE|OBS-METASTABLE-DWELL,0.9912463873881298,0.9815771939132559,1.0,26,33,23
Network,NETWORK-OBSSET-101011,4,OBS-NETWORK-ACTIVITY|OBS-NETWORK-ORDER|OBS-TRANSITION-RATE|OBS-METASTABLE-DWELL,0.983743902398628,0.9677114608697254,0.7142857142857143,44,52,46
Network,NETWORK-OBSSET-100111,4,OBS-NETWORK-ACTIVITY|OBS-SWITCH-RATE|OBS-TRANSITION-RATE|OBS-METASTABLE-DWELL,0.9858517556502715,0.9738246097065526,0.7142857142857143,41,45,44
Network,NETWORK-OBSSET-011110,4,OBS-SHANNON|OBS-NETWORK-ORDER|OBS-SWITCH-RATE|OBS-TRANSITION-RATE,0.9950545641807014,0.9904690467668226,1.0,7,11,18
Network,NETWORK-OBSSET-011101,4,OBS-SHANNON|OBS-NETWORK-ORDER|OBS-SWITCH-RATE|OBS-METASTABLE-DWELL,0.982796138974757,0.9739357578672221,0.7142857142857143,47,43,39
Network,NETWORK-OBSSET-011011,4,OBS-SHANNON|OBS-NETWORK-ORDER|OBS-TRANSITION-RATE|OBS-METASTABLE-DWELL,0.9800130649279079,0.9710736927299803,1.0,53,48,16
Network,NETWORK-OBSSET-010111,4,OBS-SHANNON|OBS-SWITCH-RATE|OBS-TRANSITION-RATE|OBS-METASTABLE-DWELL,0.9819044304597062,0.9737412485860503,1.0,49,46,12
Network,NETWORK-OBSSET-001111,4,OBS-NETWORK-ORDER|OBS-SWITCH-RATE|OBS-TRANSITION-RATE|OBS-METASTABLE-DWELL,0.9811189316148993,0.9679337571910646,0.7142857142857143,51,51,36
Network,NETWORK-OBSSET-111110,5,OBS-NETWORK-ACTIVITY|OBS-SHANNON|OBS-NETWORK-ORDER|OBS-SWITCH-RATE|OBS-TRANSITION-RATE,0.9880027020295892,0.9879682131517569,0.7142857142857143,38,18,57
Network,NETWORK-OBSSET-111101,5,OBS-NETWORK-ACTIVITY|OBS-SHANNON|OBS-NETWORK-ORDER|OBS-SWITCH-RATE|OBS-METASTABLE-DWELL,0.9912997543740569,0.9829109718412911,0.7142857142857143,25,27,56
Network,NETWORK-OBSSET-111011,5,OBS-NETWORK-ACTIVITY|OBS-SHANNON|OBS-NETWORK-ORDER|OBS-TRANSITION-RATE|OBS-METASTABLE-DWELL,0.9923916371984257,0.9804101382262254,1.0,17,37,28
Network,NETWORK-OBSSET-110111,5,OBS-NETWORK-ACTIVITY|OBS-SHANNON|OBS-SWITCH-RATE|OBS-TRANSITION-RATE|OBS-METASTABLE-DWELL,0.9914498668585363,0.9827164625601192,0.7142857142857143,24,28,54
Network,NETWORK-OBSSET-101111,5,OBS-NETWORK-ACTIVITY|OBS-NETWORK-ORDER|OBS-SWITCH-RATE|OBS-TRANSITION-RATE|OBS-METASTABLE-DWELL,0.9907723629837188,0.9815494068730887,0.7142857142857143,29,34,49
Network,NETWORK-OBSSET-011111,5,OBS-SHANNON|OBS-NETWORK-ORDER|OBS-SWITCH-RATE|OBS-TRANSITION-RATE|OBS-METASTABLE-DWELL,0.9837156492884311,0.9748805172329136,0.5,45,40,60
Network,NETWORK-OBSSET-111111,6,OBS-NETWORK-ACTIVITY|OBS-SHANNON|OBS-NETWORK-ORDER|OBS-SWITCH-RATE|OBS-TRANSITION-RATE|OBS-METASTABLE-DWELL,0.9922529401120057,0.9841613886488237,0.5,20,26,63
