condition,seed,founder_id,pre_count,final_count,pre_fraction,final_fraction,survived,within_lineage_distance
scarcity_mutable,14003,1,2,0,0.03636363636363636,0.0,False,0.0
scarcity_mutable,14003,3,1,0,0.01818181818181818,0.0,False,0.0
scarcity_mutable,14003,4,2,0,0.03636363636363636,0.0,False,0.0
scarcity_mutable,14003,13,2,0,0.03636363636363636,0.0,False,0.0
scarcity_mutable,14003,17,3,0,0.05454545454545454,0.0,False,0.0
scarcity_mutable,14003,20,1,0,0.01818181818181818,0.0,False,0.0
scarcity_mutable,14003,21,1,0,0.01818181818181818,0.0,False,0.0
scarcity_mutable,14003,23,4,0,0.07272727272727272,0.0,False,0.0
scarcity_mutable,14003,24,1,0,0.01818181818181818,0.0,False,0.0
scarcity_mutable,14003,25,3,0,0.05454545454545454,0.0,False,0.0
scarcity_mutable,14003,26,6,1,0.10909090909090909,0.3333333333333333,True,0.08476707814172482
scarcity_mutable,14003,33,5,1,0.09090909090909091,0.3333333333333333,True,0.04491908785877034
scarcity_mutable,14003,39,1,0,0.01818181818181818,0.0,False,0.0
scarcity_mutable,14003,41,2,1,0.03636363636363636,0.3333333333333333,True,0.049874583240984566
scarcity_mutable,14003,45,1,0,0.01818181818181818,0.0,False,0.0
scarcity_mutable,14003,46,2,0,0.03636363636363636,0.0,False,0.0
scarcity_mutable,14003,47,3,0,0.05454545454545454,0.0,False,0.0
scarcity_mutable,14003,49,1,0,0.01818181818181818,0.0,False,0.0
scarcity_mutable,14003,51,1,0,0.01818181818181818,0.0,False,0.0
scarcity_mutable,14003,52,1,0,0.01818181818181818,0.0,False,0.0
scarcity_mutable,14003,54,4,0,0.07272727272727272,0.0,False,0.0
scarcity_mutable,14003,58,2,0,0.03636363636363636,0.0,False,0.0
scarcity_mutable,14003,60,2,0,0.03636363636363636,0.0,False,0.0
scarcity_mutable,14003,63,1,0,0.01818181818181818,0.0,False,0.0
scarcity_mutable,14003,64,1,0,0.01818181818181818,0.0,False,0.0
scarcity_mutable,14003,68,1,0,0.01818181818181818,0.0,False,0.0
scarcity_mutable,14003,69,1,0,0.01818181818181818,0.0,False,0.0
neutral_bottleneck_mutable,14003,1,2,0,0.03636363636363636,0.0,False,0.0
neutral_bottleneck_mutable,14003,3,1,0,0.01818181818181818,0.0,False,0.0
neutral_bottleneck_mutable,14003,4,2,4,0.03636363636363636,0.3333333333333333,True,0.07825669033386576
neutral_bottleneck_mutable,14003,13,2,0,0.03636363636363636,0.0,False,0.0
neutral_bottleneck_mutable,14003,17,3,4,0.05454545454545454,0.3333333333333333,True,0.07672546429005775
neutral_bottleneck_mutable,14003,20,1,0,0.01818181818181818,0.0,False,0.0
neutral_bottleneck_mutable,14003,21,1,0,0.01818181818181818,0.0,False,0.0
neutral_bottleneck_mutable,14003,23,4,0,0.07272727272727272,0.0,False,0.0
neutral_bottleneck_mutable,14003,24,1,0,0.01818181818181818,0.0,False,0.0
neutral_bottleneck_mutable,14003,25,3,0,0.05454545454545454,0.0,False,0.0
neutral_bottleneck_mutable,14003,26,6,0,0.10909090909090909,0.0,False,0.0
neutral_bottleneck_mutable,14003,33,5,0,0.09090909090909091,0.0,False,0.0
neutral_bottleneck_mutable,14003,39,1,0,0.01818181818181818,0.0,False,0.0
neutral_bottleneck_mutable,14003,41,2,0,0.03636363636363636,0.0,False,0.0
neutral_bottleneck_mutable,14003,45,1,0,0.01818181818181818,0.0,False,0.0
neutral_bottleneck_mutable,14003,46,2,0,0.03636363636363636,0.0,False,0.0
neutral_bottleneck_mutable,14003,47,3,4,0.05454545454545454,0.3333333333333333,True,0.1112766801649113
neutral_bottleneck_mutable,14003,49,1,0,0.01818181818181818,0.0,False,0.0
neutral_bottleneck_mutable,14003,51,1,0,0.01818181818181818,0.0,False,0.0
neutral_bottleneck_mutable,14003,52,1,0,0.01818181818181818,0.0,False,0.0
neutral_bottleneck_mutable,14003,54,4,0,0.07272727272727272,0.0,False,0.0
neutral_bottleneck_mutable,14003,58,2,0,0.03636363636363636,0.0,False,0.0
neutral_bottleneck_mutable,14003,60,2,0,0.03636363636363636,0.0,False,0.0
neutral_bottleneck_mutable,14003,63,1,0,0.01818181818181818,0.0,False,0.0
neutral_bottleneck_mutable,14003,64,1,0,0.01818181818181818,0.0,False,0.0
neutral_bottleneck_mutable,14003,68,1,0,0.01818181818181818,0.0,False,0.0
neutral_bottleneck_mutable,14003,69,1,0,0.01818181818181818,0.0,False,0.0
scarcity_mutable,14011,0,1,0,0.018518518518518517,0.0,False,0.0
scarcity_mutable,14011,3,1,0,0.018518518518518517,0.0,False,0.0
scarcity_mutable,14011,6,1,0,0.018518518518518517,0.0,False,0.0
scarcity_mutable,14011,7,1,0,0.018518518518518517,0.0,False,0.0
scarcity_mutable,14011,8,4,0,0.07407407407407407,0.0,False,0.0
scarcity_mutable,14011,12,1,0,0.018518518518518517,0.0,False,0.0
scarcity_mutable,14011,15,2,0,0.037037037037037035,0.0,False,0.0
scarcity_mutable,14011,18,1,0,0.018518518518518517,0.0,False,0.0
scarcity_mutable,14011,20,5,1,0.09259259259259259,0.2,True,0.027675490703130575
scarcity_mutable,14011,21,2,0,0.037037037037037035,0.0,False,0.0
scarcity_mutable,14011,24,1,0,0.018518518518518517,0.0,False,0.0
scarcity_mutable,14011,27,1,0,0.018518518518518517,0.0,False,0.0
scarcity_mutable,14011,28,2,1,0.037037037037037035,0.2,True,0.03400860940595193
scarcity_mutable,14011,29,1,0,0.018518518518518517,0.0,False,0.0
scarcity_mutable,14011,30,1,0,0.018518518518518517,0.0,False,0.0
scarcity_mutable,14011,32,2,0,0.037037037037037035,0.0,False,0.0
scarcity_mutable,14011,34,2,0,0.037037037037037035,0.0,False,0.0
scarcity_mutable,14011,35,1,0,0.018518518518518517,0.0,False,0.0
scarcity_mutable,14011,36,3,1,0.05555555555555555,0.2,True,0.07294840577144415
scarcity_mutable,14011,37,1,0,0.018518518518518517,0.0,False,0.0
scarcity_mutable,14011,40,1,0,0.018518518518518517,0.0,False,0.0
scarcity_mutable,14011,42,1,0,0.018518518518518517,0.0,False,0.0
scarcity_mutable,14011,43,4,1,0.07407407407407407,0.2,True,0.08485197038919184
scarcity_mutable,14011,46,7,1,0.12962962962962962,0.2,True,0.06516517978679075
scarcity_mutable,14011,49,1,0,0.018518518518518517,0.0,False,0.0
scarcity_mutable,14011,54,1,0,0.018518518518518517,0.0,False,0.0
scarcity_mutable,14011,56,1,0,0.018518518518518517,0.0,False,0.0
scarcity_mutable,14011,60,1,0,0.018518518518518517,0.0,False,0.0
scarcity_mutable,14011,61,1,0,0.018518518518518517,0.0,False,0.0
scarcity_mutable,14011,67,1,0,0.018518518518518517,0.0,False,0.0
scarcity_mutable,14011,70,1,0,0.018518518518518517,0.0,False,0.0
neutral_bottleneck_mutable,14011,0,1,0,0.018518518518518517,0.0,False,0.0
neutral_bottleneck_mutable,14011,3,1,0,0.018518518518518517,0.0,False,0.0
neutral_bottleneck_mutable,14011,6,1,0,0.018518518518518517,0.0,False,0.0
neutral_bottleneck_mutable,14011,7,1,0,0.018518518518518517,0.0,False,0.0
neutral_bottleneck_mutable,14011,8,4,5,0.07407407407407407,0.3125,True,0.06453620026790956
neutral_bottleneck_mutable,14011,12,1,2,0.018518518518518517,0.125,True,0.05883179023775851
neutral_bottleneck_mutable,14011,15,2,0,0.037037037037037035,0.0,False,0.0
neutral_bottleneck_mutable,14011,18,1,0,0.018518518518518517,0.0,False,0.0
neutral_bottleneck_mutable,14011,20,5,0,0.09259259259259259,0.0,False,0.0
neutral_bottleneck_mutable,14011,21,2,0,0.037037037037037035,0.0,False,0.0
neutral_bottleneck_mutable,14011,24,1,3,0.018518518518518517,0.1875,True,0.011874072224392972
neutral_bottleneck_mutable,14011,27,1,0,0.018518518518518517,0.0,False,0.0
neutral_bottleneck_mutable,14011,28,2,0,0.037037037037037035,0.0,False,0.0
neutral_bottleneck_mutable,14011,29,1,0,0.018518518518518517,0.0,False,0.0
neutral_bottleneck_mutable,14011,30,1,0,0.018518518518518517,0.0,False,0.0
neutral_bottleneck_mutable,14011,32,2,0,0.037037037037037035,0.0,False,0.0
neutral_bottleneck_mutable,14011,34,2,4,0.037037037037037035,0.25,True,0.06649196771702351
neutral_bottleneck_mutable,14011,35,1,0,0.018518518518518517,0.0,False,0.0
neutral_bottleneck_mutable,14011,36,3,0,0.05555555555555555,0.0,False,0.0
neutral_bottleneck_mutable,14011,37,1,0,0.018518518518518517,0.0,False,0.0
neutral_bottleneck_mutable,14011,40,1,0,0.018518518518518517,0.0,False,0.0
neutral_bottleneck_mutable,14011,42,1,0,0.018518518518518517,0.0,False,0.0
neutral_bottleneck_mutable,14011,43,4,0,0.07407407407407407,0.0,False,0.0
neutral_bottleneck_mutable,14011,46,7,2,0.12962962962962962,0.125,True,0.07838750627653422
neutral_bottleneck_mutable,14011,49,1,0,0.018518518518518517,0.0,False,0.0
neutral_bottleneck_mutable,14011,54,1,0,0.018518518518518517,0.0,False,0.0
neutral_bottleneck_mutable,14011,56,1,0,0.018518518518518517,0.0,False,0.0
neutral_bottleneck_mutable,14011,60,1,0,0.018518518518518517,0.0,False,0.0
neutral_bottleneck_mutable,14011,61,1,0,0.018518518518518517,0.0,False,0.0
neutral_bottleneck_mutable,14011,67,1,0,0.018518518518518517,0.0,False,0.0
neutral_bottleneck_mutable,14011,70,1,0,0.018518518518518517,0.0,False,0.0
scarcity_mutable,14029,3,7,1,0.11475409836065574,0.25,True,0.07589455140842877
scarcity_mutable,14029,4,2,0,0.03278688524590164,0.0,False,0.0
scarcity_mutable,14029,6,1,0,0.01639344262295082,0.0,False,0.0
scarcity_mutable,14029,21,5,0,0.08196721311475409,0.0,False,0.0
scarcity_mutable,14029,23,1,0,0.01639344262295082,0.0,False,0.0
scarcity_mutable,14029,27,1,0,0.01639344262295082,0.0,False,0.0
scarcity_mutable,14029,29,5,0,0.08196721311475409,0.0,False,0.0
scarcity_mutable,14029,32,1,0,0.01639344262295082,0.0,False,0.0
scarcity_mutable,14029,38,1,0,0.01639344262295082,0.0,False,0.0
scarcity_mutable,14029,39,6,1,0.09836065573770492,0.25,True,0.07910488429202245
scarcity_mutable,14029,46,5,0,0.08196721311475409,0.0,False,0.0
scarcity_mutable,14029,47,2,0,0.03278688524590164,0.0,False,0.0
scarcity_mutable,14029,48,1,0,0.01639344262295082,0.0,False,0.0
scarcity_mutable,14029,49,4,0,0.06557377049180328,0.0,False,0.0
scarcity_mutable,14029,52,1,0,0.01639344262295082,0.0,False,0.0
scarcity_mutable,14029,54,5,0,0.08196721311475409,0.0,False,0.0
scarcity_mutable,14029,57,7,2,0.11475409836065574,0.5,True,0.016782111635105824
scarcity_mutable,14029,59,1,0,0.01639344262295082,0.0,False,0.0
scarcity_mutable,14029,63,1,0,0.01639344262295082,0.0,False,0.0
scarcity_mutable,14029,64,4,0,0.06557377049180328,0.0,False,0.0
neutral_bottleneck_mutable,14029,3,7,0,0.11475409836065574,0.0,False,0.0
neutral_bottleneck_mutable,14029,4,2,0,0.03278688524590164,0.0,False,0.0
neutral_bottleneck_mutable,14029,6,1,0,0.01639344262295082,0.0,False,0.0
neutral_bottleneck_mutable,14029,21,5,0,0.08196721311475409,0.0,False,0.0
neutral_bottleneck_mutable,14029,23,1,0,0.01639344262295082,0.0,False,0.0
neutral_bottleneck_mutable,14029,27,1,0,0.01639344262295082,0.0,False,0.0
neutral_bottleneck_mutable,14029,29,5,4,0.08196721311475409,0.23529411764705882,True,0.10209451669764236
neutral_bottleneck_mutable,14029,32,1,0,0.01639344262295082,0.0,False,0.0
neutral_bottleneck_mutable,14029,38,1,0,0.01639344262295082,0.0,False,0.0
neutral_bottleneck_mutable,14029,39,6,4,0.09836065573770492,0.23529411764705882,True,0.08184578951187858
neutral_bottleneck_mutable,14029,46,5,0,0.08196721311475409,0.0,False,0.0
neutral_bottleneck_mutable,14029,47,2,0,0.03278688524590164,0.0,False,0.0
neutral_bottleneck_mutable,14029,48,1,0,0.01639344262295082,0.0,False,0.0
neutral_bottleneck_mutable,14029,49,4,0,0.06557377049180328,0.0,False,0.0
neutral_bottleneck_mutable,14029,52,1,0,0.01639344262295082,0.0,False,0.0
neutral_bottleneck_mutable,14029,54,5,4,0.08196721311475409,0.23529411764705882,True,0.08899906597990191
neutral_bottleneck_mutable,14029,57,7,5,0.11475409836065574,0.29411764705882354,True,0.09656816016291173
neutral_bottleneck_mutable,14029,59,1,0,0.01639344262295082,0.0,False,0.0
neutral_bottleneck_mutable,14029,63,1,0,0.01639344262295082,0.0,False,0.0
neutral_bottleneck_mutable,14029,64,4,0,0.06557377049180328,0.0,False,0.0
scarcity_mutable,14041,2,4,1,0.06896551724137931,0.14285714285714285,True,0.06421365185073631
scarcity_mutable,14041,3,2,0,0.034482758620689655,0.0,False,0.0
scarcity_mutable,14041,4,3,0,0.05172413793103448,0.0,False,0.0
scarcity_mutable,14041,10,3,0,0.05172413793103448,0.0,False,0.0
scarcity_mutable,14041,13,1,0,0.017241379310344827,0.0,False,0.0
scarcity_mutable,14041,14,5,2,0.08620689655172414,0.2857142857142857,True,0.022398380667070606
scarcity_mutable,14041,15,1,0,0.017241379310344827,0.0,False,0.0
scarcity_mutable,14041,17,5,0,0.08620689655172414,0.0,False,0.0
scarcity_mutable,14041,20,1,0,0.017241379310344827,0.0,False,0.0
scarcity_mutable,14041,25,2,1,0.034482758620689655,0.14285714285714285,True,0.0349708703762126
scarcity_mutable,14041,26,1,0,0.017241379310344827,0.0,False,0.0
scarcity_mutable,14041,32,4,1,0.06896551724137931,0.14285714285714285,True,0.025375518256432965
scarcity_mutable,14041,35,1,0,0.017241379310344827,0.0,False,0.0
scarcity_mutable,14041,36,1,0,0.017241379310344827,0.0,False,0.0
scarcity_mutable,14041,37,1,0,0.017241379310344827,0.0,False,0.0
scarcity_mutable,14041,38,2,0,0.034482758620689655,0.0,False,0.0
scarcity_mutable,14041,40,1,0,0.017241379310344827,0.0,False,0.0
scarcity_mutable,14041,43,1,0,0.017241379310344827,0.0,False,0.0
scarcity_mutable,14041,48,1,0,0.017241379310344827,0.0,False,0.0
scarcity_mutable,14041,50,1,0,0.017241379310344827,0.0,False,0.0
scarcity_mutable,14041,53,1,0,0.017241379310344827,0.0,False,0.0
scarcity_mutable,14041,54,1,0,0.017241379310344827,0.0,False,0.0
scarcity_mutable,14041,55,6,1,0.10344827586206896,0.14285714285714285,True,0.04739420756664578
scarcity_mutable,14041,56,4,1,0.06896551724137931,0.14285714285714285,True,0.04862974918157748
scarcity_mutable,14041,58,2,0,0.034482758620689655,0.0,False,0.0
scarcity_mutable,14041,61,1,0,0.017241379310344827,0.0,False,0.0
scarcity_mutable,14041,65,1,0,0.017241379310344827,0.0,False,0.0
scarcity_mutable,14041,71,1,0,0.017241379310344827,0.0,False,0.0
neutral_bottleneck_mutable,14041,2,4,0,0.06896551724137931,0.0,False,0.0
neutral_bottleneck_mutable,14041,3,2,0,0.034482758620689655,0.0,False,0.0
neutral_bottleneck_mutable,14041,4,3,0,0.05172413793103448,0.0,False,0.0
neutral_bottleneck_mutable,14041,10,3,8,0.05172413793103448,0.2962962962962963,True,0.061748289012397733
neutral_bottleneck_mutable,14041,13,1,0,0.017241379310344827,0.0,False,0.0
neutral_bottleneck_mutable,14041,14,5,0,0.08620689655172414,0.0,False,0.0
neutral_bottleneck_mutable,14041,15,1,0,0.017241379310344827,0.0,False,0.0
neutral_bottleneck_mutable,14041,17,5,0,0.08620689655172414,0.0,False,0.0
neutral_bottleneck_mutable,14041,20,1,0,0.017241379310344827,0.0,False,0.0
neutral_bottleneck_mutable,14041,25,2,4,0.034482758620689655,0.14814814814814814,True,0.07084768932952748
neutral_bottleneck_mutable,14041,26,1,0,0.017241379310344827,0.0,False,0.0
neutral_bottleneck_mutable,14041,32,4,0,0.06896551724137931,0.0,False,0.0
neutral_bottleneck_mutable,14041,35,1,4,0.017241379310344827,0.14814814814814814,True,0.027441986750344607
neutral_bottleneck_mutable,14041,36,1,4,0.017241379310344827,0.14814814814814814,True,0.024824865983189316
neutral_bottleneck_mutable,14041,37,1,0,0.017241379310344827,0.0,False,0.0
neutral_bottleneck_mutable,14041,38,2,0,0.034482758620689655,0.0,False,0.0
neutral_bottleneck_mutable,14041,40,1,3,0.017241379310344827,0.1111111111111111,True,0.05555765615965719
neutral_bottleneck_mutable,14041,43,1,0,0.017241379310344827,0.0,False,0.0
neutral_bottleneck_mutable,14041,48,1,4,0.017241379310344827,0.14814814814814814,True,0.05603446831787061
neutral_bottleneck_mutable,14041,50,1,0,0.017241379310344827,0.0,False,0.0
neutral_bottleneck_mutable,14041,53,1,0,0.017241379310344827,0.0,False,0.0
neutral_bottleneck_mutable,14041,54,1,0,0.017241379310344827,0.0,False,0.0
neutral_bottleneck_mutable,14041,55,6,0,0.10344827586206896,0.0,False,0.0
neutral_bottleneck_mutable,14041,56,4,0,0.06896551724137931,0.0,False,0.0
neutral_bottleneck_mutable,14041,58,2,0,0.034482758620689655,0.0,False,0.0
neutral_bottleneck_mutable,14041,61,1,0,0.017241379310344827,0.0,False,0.0
neutral_bottleneck_mutable,14041,65,1,0,0.017241379310344827,0.0,False,0.0
neutral_bottleneck_mutable,14041,71,1,0,0.017241379310344827,0.0,False,0.0
scarcity_mutable,14057,12,6,1,0.1111111111111111,0.2,True,0.051112842033342765
scarcity_mutable,14057,13,2,0,0.037037037037037035,0.0,False,0.0
scarcity_mutable,14057,17,1,0,0.018518518518518517,0.0,False,0.0
scarcity_mutable,14057,19,1,0,0.018518518518518517,0.0,False,0.0
scarcity_mutable,14057,24,1,0,0.018518518518518517,0.0,False,0.0
scarcity_mutable,14057,25,1,0,0.018518518518518517,0.0,False,0.0
scarcity_mutable,14057,27,1,0,0.018518518518518517,0.0,False,0.0
scarcity_mutable,14057,28,7,1,0.12962962962962962,0.2,True,0.08894682392855399
scarcity_mutable,14057,33,1,0,0.018518518518518517,0.0,False,0.0
scarcity_mutable,14057,34,1,0,0.018518518518518517,0.0,False,0.0
scarcity_mutable,14057,38,1,0,0.018518518518518517,0.0,False,0.0
scarcity_mutable,14057,40,1,0,0.018518518518518517,0.0,False,0.0
scarcity_mutable,14057,44,1,0,0.018518518518518517,0.0,False,0.0
scarcity_mutable,14057,47,8,1,0.14814814814814814,0.2,True,0.10878377857349757
scarcity_mutable,14057,50,5,0,0.09259259259259259,0.0,False,0.0
scarcity_mutable,14057,51,2,0,0.037037037037037035,0.0,False,0.0
scarcity_mutable,14057,54,2,0,0.037037037037037035,0.0,False,0.0
scarcity_mutable,14057,58,1,0,0.018518518518518517,0.0,False,0.0
scarcity_mutable,14057,61,1,0,0.018518518518518517,0.0,False,0.0
scarcity_mutable,14057,68,7,1,0.12962962962962962,0.2,True,0.07734287411573362
scarcity_mutable,14057,70,2,1,0.037037037037037035,0.2,True,0.04940563544200317
scarcity_mutable,14057,71,1,0,0.018518518518518517,0.0,False,0.0
neutral_bottleneck_mutable,14057,12,6,0,0.1111111111111111,0.0,False,0.0
neutral_bottleneck_mutable,14057,13,2,0,0.037037037037037035,0.0,False,0.0
neutral_bottleneck_mutable,14057,17,1,0,0.018518518518518517,0.0,False,0.0
neutral_bottleneck_mutable,14057,19,1,0,0.018518518518518517,0.0,False,0.0
neutral_bottleneck_mutable,14057,24,1,0,0.018518518518518517,0.0,False,0.0
neutral_bottleneck_mutable,14057,25,1,4,0.018518518518518517,0.17391304347826086,True,0.05077178215695978
neutral_bottleneck_mutable,14057,27,1,0,0.018518518518518517,0.0,False,0.0
neutral_bottleneck_mutable,14057,28,7,0,0.12962962962962962,0.0,False,0.0
neutral_bottleneck_mutable,14057,33,1,0,0.018518518518518517,0.0,False,0.0
neutral_bottleneck_mutable,14057,34,1,0,0.018518518518518517,0.0,False,0.0
neutral_bottleneck_mutable,14057,38,1,0,0.018518518518518517,0.0,False,0.0
neutral_bottleneck_mutable,14057,40,1,0,0.018518518518518517,0.0,False,0.0
neutral_bottleneck_mutable,14057,44,1,0,0.018518518518518517,0.0,False,0.0
neutral_bottleneck_mutable,14057,47,8,5,0.14814814814814814,0.21739130434782608,True,0.055508446148625275
neutral_bottleneck_mutable,14057,50,5,5,0.09259259259259259,0.21739130434782608,True,0.11072966354759786
neutral_bottleneck_mutable,14057,51,2,0,0.037037037037037035,0.0,False,0.0
neutral_bottleneck_mutable,14057,54,2,0,0.037037037037037035,0.0,False,0.0
neutral_bottleneck_mutable,14057,58,1,0,0.018518518518518517,0.0,False,0.0
neutral_bottleneck_mutable,14057,61,1,4,0.018518518518518517,0.17391304347826086,True,0.08061915215679895
neutral_bottleneck_mutable,14057,68,7,5,0.12962962962962962,0.21739130434782608,True,0.0973796217900825
neutral_bottleneck_mutable,14057,70,2,0,0.037037037037037035,0.0,False,0.0
neutral_bottleneck_mutable,14057,71,1,0,0.018518518518518517,0.0,False,0.0
scarcity_mutable,14071,1,1,1,0.0196078431372549,0.2,True,0.0661506475392182
scarcity_mutable,14071,3,3,0,0.058823529411764705,0.0,False,0.0
scarcity_mutable,14071,7,9,2,0.17647058823529413,0.4,True,0.05170731079402061
scarcity_mutable,14071,10,1,0,0.0196078431372549,0.0,False,0.0
scarcity_mutable,14071,13,5,0,0.09803921568627451,0.0,False,0.0
scarcity_mutable,14071,20,2,0,0.0392156862745098,0.0,False,0.0
scarcity_mutable,14071,26,1,0,0.0196078431372549,0.0,False,0.0
scarcity_mutable,14071,27,2,0,0.0392156862745098,0.0,False,0.0
scarcity_mutable,14071,34,2,0,0.0392156862745098,0.0,False,0.0
scarcity_mutable,14071,36,2,0,0.0392156862745098,0.0,False,0.0
scarcity_mutable,14071,38,4,0,0.0784313725490196,0.0,False,0.0
scarcity_mutable,14071,44,2,0,0.0392156862745098,0.0,False,0.0
scarcity_mutable,14071,46,1,0,0.0196078431372549,0.0,False,0.0
scarcity_mutable,14071,48,1,0,0.0196078431372549,0.0,False,0.0
scarcity_mutable,14071,50,1,0,0.0196078431372549,0.0,False,0.0
scarcity_mutable,14071,52,3,0,0.058823529411764705,0.0,False,0.0
scarcity_mutable,14071,55,1,0,0.0196078431372549,0.0,False,0.0
scarcity_mutable,14071,58,2,0,0.0392156862745098,0.0,False,0.0
scarcity_mutable,14071,59,5,2,0.09803921568627451,0.4,True,0.05696692769506977
scarcity_mutable,14071,62,1,0,0.0196078431372549,0.0,False,0.0
scarcity_mutable,14071,63,1,0,0.0196078431372549,0.0,False,0.0
scarcity_mutable,14071,65,1,0,0.0196078431372549,0.0,False,0.0
neutral_bottleneck_mutable,14071,1,1,0,0.0196078431372549,0.0,False,0.0
neutral_bottleneck_mutable,14071,3,3,0,0.058823529411764705,0.0,False,0.0
neutral_bottleneck_mutable,14071,7,9,5,0.17647058823529413,0.4166666666666667,True,0.049908492535241766
neutral_bottleneck_mutable,14071,10,1,0,0.0196078431372549,0.0,False,0.0
neutral_bottleneck_mutable,14071,13,5,4,0.09803921568627451,0.3333333333333333,True,0.05359313697994059
neutral_bottleneck_mutable,14071,20,2,0,0.0392156862745098,0.0,False,0.0
neutral_bottleneck_mutable,14071,26,1,0,0.0196078431372549,0.0,False,0.0
neutral_bottleneck_mutable,14071,27,2,0,0.0392156862745098,0.0,False,0.0
neutral_bottleneck_mutable,14071,34,2,0,0.0392156862745098,0.0,False,0.0
neutral_bottleneck_mutable,14071,36,2,0,0.0392156862745098,0.0,False,0.0
neutral_bottleneck_mutable,14071,38,4,0,0.0784313725490196,0.0,False,0.0
neutral_bottleneck_mutable,14071,44,2,0,0.0392156862745098,0.0,False,0.0
neutral_bottleneck_mutable,14071,46,1,3,0.0196078431372549,0.25,True,0.07010917055414713
neutral_bottleneck_mutable,14071,48,1,0,0.0196078431372549,0.0,False,0.0
neutral_bottleneck_mutable,14071,50,1,0,0.0196078431372549,0.0,False,0.0
neutral_bottleneck_mutable,14071,52,3,0,0.058823529411764705,0.0,False,0.0
neutral_bottleneck_mutable,14071,55,1,0,0.0196078431372549,0.0,False,0.0
neutral_bottleneck_mutable,14071,58,2,0,0.0392156862745098,0.0,False,0.0
neutral_bottleneck_mutable,14071,59,5,0,0.09803921568627451,0.0,False,0.0
neutral_bottleneck_mutable,14071,62,1,0,0.0196078431372549,0.0,False,0.0
neutral_bottleneck_mutable,14071,63,1,0,0.0196078431372549,0.0,False,0.0
neutral_bottleneck_mutable,14071,65,1,0,0.0196078431372549,0.0,False,0.0
scarcity_mutable,14087,3,1,0,0.01694915254237288,0.0,False,0.0
scarcity_mutable,14087,5,1,0,0.01694915254237288,0.0,False,0.0
scarcity_mutable,14087,6,2,0,0.03389830508474576,0.0,False,0.0
scarcity_mutable,14087,9,5,1,0.0847457627118644,0.3333333333333333,True,0.05823721427396571
scarcity_mutable,14087,10,1,0,0.01694915254237288,0.0,False,0.0
scarcity_mutable,14087,11,1,0,0.01694915254237288,0.0,False,0.0
scarcity_mutable,14087,13,3,0,0.05084745762711865,0.0,False,0.0
scarcity_mutable,14087,14,1,0,0.01694915254237288,0.0,False,0.0
scarcity_mutable,14087,15,1,0,0.01694915254237288,0.0,False,0.0
scarcity_mutable,14087,16,1,0,0.01694915254237288,0.0,False,0.0
scarcity_mutable,14087,17,2,0,0.03389830508474576,0.0,False,0.0
scarcity_mutable,14087,19,1,0,0.01694915254237288,0.0,False,0.0
scarcity_mutable,14087,20,1,0,0.01694915254237288,0.0,False,0.0
scarcity_mutable,14087,21,2,0,0.03389830508474576,0.0,False,0.0
scarcity_mutable,14087,22,1,0,0.01694915254237288,0.0,False,0.0
scarcity_mutable,14087,27,1,0,0.01694915254237288,0.0,False,0.0
scarcity_mutable,14087,28,2,0,0.03389830508474576,0.0,False,0.0
scarcity_mutable,14087,30,1,0,0.01694915254237288,0.0,False,0.0
scarcity_mutable,14087,31,4,1,0.06779661016949153,0.3333333333333333,True,0.06424281327926619
scarcity_mutable,14087,32,3,0,0.05084745762711865,0.0,False,0.0
scarcity_mutable,14087,33,1,0,0.01694915254237288,0.0,False,0.0
scarcity_mutable,14087,37,1,0,0.01694915254237288,0.0,False,0.0
scarcity_mutable,14087,41,1,0,0.01694915254237288,0.0,False,0.0
scarcity_mutable,14087,42,1,0,0.01694915254237288,0.0,False,0.0
scarcity_mutable,14087,45,2,0,0.03389830508474576,0.0,False,0.0
scarcity_mutable,14087,48,1,0,0.01694915254237288,0.0,False,0.0
scarcity_mutable,14087,49,3,1,0.05084745762711865,0.3333333333333333,True,0.06720000379851293
scarcity_mutable,14087,51,1,0,0.01694915254237288,0.0,False,0.0
scarcity_mutable,14087,52,1,0,0.01694915254237288,0.0,False,0.0
scarcity_mutable,14087,55,2,0,0.03389830508474576,0.0,False,0.0
scarcity_mutable,14087,56,2,0,0.03389830508474576,0.0,False,0.0
scarcity_mutable,14087,58,1,0,0.01694915254237288,0.0,False,0.0
scarcity_mutable,14087,61,1,0,0.01694915254237288,0.0,False,0.0
scarcity_mutable,14087,68,4,0,0.06779661016949153,0.0,False,0.0
scarcity_mutable,14087,70,1,0,0.01694915254237288,0.0,False,0.0
scarcity_mutable,14087,71,1,0,0.01694915254237288,0.0,False,0.0
neutral_bottleneck_mutable,14087,3,1,0,0.01694915254237288,0.0,False,0.0
neutral_bottleneck_mutable,14087,5,1,0,0.01694915254237288,0.0,False,0.0
neutral_bottleneck_mutable,14087,6,2,0,0.03389830508474576,0.0,False,0.0
neutral_bottleneck_mutable,14087,9,5,5,0.0847457627118644,0.45454545454545453,True,0.07086711738028519
neutral_bottleneck_mutable,14087,10,1,0,0.01694915254237288,0.0,False,0.0
neutral_bottleneck_mutable,14087,11,1,0,0.01694915254237288,0.0,False,0.0
neutral_bottleneck_mutable,14087,13,3,4,0.05084745762711865,0.36363636363636365,True,0.08329034394522095
neutral_bottleneck_mutable,14087,14,1,0,0.01694915254237288,0.0,False,0.0
neutral_bottleneck_mutable,14087,15,1,0,0.01694915254237288,0.0,False,0.0
neutral_bottleneck_mutable,14087,16,1,0,0.01694915254237288,0.0,False,0.0
neutral_bottleneck_mutable,14087,17,2,0,0.03389830508474576,0.0,False,0.0
neutral_bottleneck_mutable,14087,19,1,0,0.01694915254237288,0.0,False,0.0
neutral_bottleneck_mutable,14087,20,1,0,0.01694915254237288,0.0,False,0.0
neutral_bottleneck_mutable,14087,21,2,0,0.03389830508474576,0.0,False,0.0
neutral_bottleneck_mutable,14087,22,1,0,0.01694915254237288,0.0,False,0.0
neutral_bottleneck_mutable,14087,27,1,0,0.01694915254237288,0.0,False,0.0
neutral_bottleneck_mutable,14087,28,2,0,0.03389830508474576,0.0,False,0.0
neutral_bottleneck_mutable,14087,30,1,0,0.01694915254237288,0.0,False,0.0
neutral_bottleneck_mutable,14087,31,4,0,0.06779661016949153,0.0,False,0.0
neutral_bottleneck_mutable,14087,32,3,0,0.05084745762711865,0.0,False,0.0
neutral_bottleneck_mutable,14087,33,1,0,0.01694915254237288,0.0,False,0.0
neutral_bottleneck_mutable,14087,37,1,0,0.01694915254237288,0.0,False,0.0
neutral_bottleneck_mutable,14087,41,1,0,0.01694915254237288,0.0,False,0.0
neutral_bottleneck_mutable,14087,42,1,0,0.01694915254237288,0.0,False,0.0
neutral_bottleneck_mutable,14087,45,2,0,0.03389830508474576,0.0,False,0.0
neutral_bottleneck_mutable,14087,48,1,0,0.01694915254237288,0.0,False,0.0
neutral_bottleneck_mutable,14087,49,3,0,0.05084745762711865,0.0,False,0.0
neutral_bottleneck_mutable,14087,51,1,0,0.01694915254237288,0.0,False,0.0
neutral_bottleneck_mutable,14087,52,1,0,0.01694915254237288,0.0,False,0.0
neutral_bottleneck_mutable,14087,55,2,0,0.03389830508474576,0.0,False,0.0
neutral_bottleneck_mutable,14087,56,2,2,0.03389830508474576,0.18181818181818182,True,0.07580423209214214
neutral_bottleneck_mutable,14087,58,1,0,0.01694915254237288,0.0,False,0.0
neutral_bottleneck_mutable,14087,61,1,0,0.01694915254237288,0.0,False,0.0
neutral_bottleneck_mutable,14087,68,4,0,0.06779661016949153,0.0,False,0.0
neutral_bottleneck_mutable,14087,70,1,0,0.01694915254237288,0.0,False,0.0
neutral_bottleneck_mutable,14087,71,1,0,0.01694915254237288,0.0,False,0.0
scarcity_mutable,14101,8,1,0,0.016666666666666666,0.0,False,0.0
scarcity_mutable,14101,9,2,0,0.03333333333333333,0.0,False,0.0
scarcity_mutable,14101,11,1,0,0.016666666666666666,0.0,False,0.0
scarcity_mutable,14101,14,1,0,0.016666666666666666,0.0,False,0.0
scarcity_mutable,14101,17,1,0,0.016666666666666666,0.0,False,0.0
scarcity_mutable,14101,20,2,0,0.03333333333333333,0.0,False,0.0
scarcity_mutable,14101,21,1,0,0.016666666666666666,0.0,False,0.0
scarcity_mutable,14101,24,3,0,0.05,0.0,False,0.0
scarcity_mutable,14101,25,1,0,0.016666666666666666,0.0,False,0.0
scarcity_mutable,14101,26,2,0,0.03333333333333333,0.0,False,0.0
scarcity_mutable,14101,28,1,0,0.016666666666666666,0.0,False,0.0
scarcity_mutable,14101,29,5,0,0.08333333333333333,0.0,False,0.0
scarcity_mutable,14101,31,1,0,0.016666666666666666,0.0,False,0.0
scarcity_mutable,14101,34,2,1,0.03333333333333333,0.2,True,0.03655025880604328
scarcity_mutable,14101,35,1,0,0.016666666666666666,0.0,False,0.0
scarcity_mutable,14101,36,1,0,0.016666666666666666,0.0,False,0.0
scarcity_mutable,14101,37,2,0,0.03333333333333333,0.0,False,0.0
scarcity_mutable,14101,40,1,0,0.016666666666666666,0.0,False,0.0
scarcity_mutable,14101,41,8,1,0.13333333333333333,0.2,True,0.05650241280008654
scarcity_mutable,14101,42,1,0,0.016666666666666666,0.0,False,0.0
scarcity_mutable,14101,43,1,0,0.016666666666666666,0.0,False,0.0
scarcity_mutable,14101,45,3,0,0.05,0.0,False,0.0
scarcity_mutable,14101,46,9,2,0.15,0.4,True,0.08663250112127156
scarcity_mutable,14101,50,1,0,0.016666666666666666,0.0,False,0.0
scarcity_mutable,14101,53,1,0,0.016666666666666666,0.0,False,0.0
scarcity_mutable,14101,58,1,0,0.016666666666666666,0.0,False,0.0
scarcity_mutable,14101,62,2,0,0.03333333333333333,0.0,False,0.0
scarcity_mutable,14101,63,3,1,0.05,0.2,True,0.05450479018365209
scarcity_mutable,14101,67,1,0,0.016666666666666666,0.0,False,0.0
neutral_bottleneck_mutable,14101,8,1,0,0.016666666666666666,0.0,False,0.0
neutral_bottleneck_mutable,14101,9,2,0,0.03333333333333333,0.0,False,0.0
neutral_bottleneck_mutable,14101,11,1,0,0.016666666666666666,0.0,False,0.0
neutral_bottleneck_mutable,14101,14,1,0,0.016666666666666666,0.0,False,0.0
neutral_bottleneck_mutable,14101,17,1,4,0.016666666666666666,0.2,True,0.030913180579615736
neutral_bottleneck_mutable,14101,20,2,0,0.03333333333333333,0.0,False,0.0
neutral_bottleneck_mutable,14101,21,1,0,0.016666666666666666,0.0,False,0.0
neutral_bottleneck_mutable,14101,24,3,0,0.05,0.0,False,0.0
neutral_bottleneck_mutable,14101,25,1,0,0.016666666666666666,0.0,False,0.0
neutral_bottleneck_mutable,14101,26,2,0,0.03333333333333333,0.0,False,0.0
neutral_bottleneck_mutable,14101,28,1,0,0.016666666666666666,0.0,False,0.0
neutral_bottleneck_mutable,14101,29,5,0,0.08333333333333333,0.0,False,0.0
neutral_bottleneck_mutable,14101,31,1,0,0.016666666666666666,0.0,False,0.0
neutral_bottleneck_mutable,14101,34,2,9,0.03333333333333333,0.45,True,0.06113961834362832
neutral_bottleneck_mutable,14101,35,1,0,0.016666666666666666,0.0,False,0.0
neutral_bottleneck_mutable,14101,36,1,0,0.016666666666666666,0.0,False,0.0
neutral_bottleneck_mutable,14101,37,2,0,0.03333333333333333,0.0,False,0.0
neutral_bottleneck_mutable,14101,40,1,0,0.016666666666666666,0.0,False,0.0
neutral_bottleneck_mutable,14101,41,8,0,0.13333333333333333,0.0,False,0.0
neutral_bottleneck_mutable,14101,42,1,0,0.016666666666666666,0.0,False,0.0
neutral_bottleneck_mutable,14101,43,1,0,0.016666666666666666,0.0,False,0.0
neutral_bottleneck_mutable,14101,45,3,0,0.05,0.0,False,0.0
neutral_bottleneck_mutable,14101,46,9,7,0.15,0.35,True,0.06471430188963989
neutral_bottleneck_mutable,14101,50,1,0,0.016666666666666666,0.0,False,0.0
neutral_bottleneck_mutable,14101,53,1,0,0.016666666666666666,0.0,False,0.0
neutral_bottleneck_mutable,14101,58,1,0,0.016666666666666666,0.0,False,0.0
neutral_bottleneck_mutable,14101,62,2,0,0.03333333333333333,0.0,False,0.0
neutral_bottleneck_mutable,14101,63,3,0,0.05,0.0,False,0.0
neutral_bottleneck_mutable,14101,67,1,0,0.016666666666666666,0.0,False,0.0
scarcity_mutable,14119,0,1,0,0.014285714285714285,0.0,False,0.0
scarcity_mutable,14119,3,5,0,0.07142857142857142,0.0,False,0.0
scarcity_mutable,14119,4,1,0,0.014285714285714285,0.0,False,0.0
scarcity_mutable,14119,9,2,0,0.02857142857142857,0.0,False,0.0
scarcity_mutable,14119,11,2,0,0.02857142857142857,0.0,False,0.0
scarcity_mutable,14119,15,2,0,0.02857142857142857,0.0,False,0.0
scarcity_mutable,14119,16,3,0,0.04285714285714286,0.0,False,0.0
scarcity_mutable,14119,18,1,0,0.014285714285714285,0.0,False,0.0
scarcity_mutable,14119,20,1,0,0.014285714285714285,0.0,False,0.0
scarcity_mutable,14119,21,1,0,0.014285714285714285,0.0,False,0.0
scarcity_mutable,14119,26,1,0,0.014285714285714285,0.0,False,0.0
scarcity_mutable,14119,33,1,0,0.014285714285714285,0.0,False,0.0
scarcity_mutable,14119,34,3,0,0.04285714285714286,0.0,False,0.0
scarcity_mutable,14119,35,5,0,0.07142857142857142,0.0,False,0.0
scarcity_mutable,14119,39,7,3,0.1,0.375,True,0.09113947629881636
scarcity_mutable,14119,41,1,0,0.014285714285714285,0.0,False,0.0
scarcity_mutable,14119,48,3,2,0.04285714285714286,0.25,True,0.08423924114704677
scarcity_mutable,14119,49,6,1,0.08571428571428572,0.125,True,0.051186355633209016
scarcity_mutable,14119,50,1,0,0.014285714285714285,0.0,False,0.0
scarcity_mutable,14119,55,1,0,0.014285714285714285,0.0,False,0.0
scarcity_mutable,14119,56,3,1,0.04285714285714286,0.125,True,0.02144188443821708
scarcity_mutable,14119,57,1,0,0.014285714285714285,0.0,False,0.0
scarcity_mutable,14119,58,5,1,0.07142857142857142,0.125,True,0.03248354626934862
scarcity_mutable,14119,59,4,0,0.05714285714285714,0.0,False,0.0
scarcity_mutable,14119,61,2,0,0.02857142857142857,0.0,False,0.0
scarcity_mutable,14119,63,3,0,0.04285714285714286,0.0,False,0.0
scarcity_mutable,14119,66,2,0,0.02857142857142857,0.0,False,0.0
scarcity_mutable,14119,67,1,0,0.014285714285714285,0.0,False,0.0
scarcity_mutable,14119,68,1,0,0.014285714285714285,0.0,False,0.0
neutral_bottleneck_mutable,14119,0,1,0,0.014285714285714285,0.0,False,0.0
neutral_bottleneck_mutable,14119,3,5,4,0.07142857142857142,0.14814814814814814,True,0.07758834844571422
neutral_bottleneck_mutable,14119,4,1,0,0.014285714285714285,0.0,False,0.0
neutral_bottleneck_mutable,14119,9,2,5,0.02857142857142857,0.18518518518518517,True,0.11894587919944961
neutral_bottleneck_mutable,14119,11,2,0,0.02857142857142857,0.0,False,0.0
neutral_bottleneck_mutable,14119,15,2,0,0.02857142857142857,0.0,False,0.0
neutral_bottleneck_mutable,14119,16,3,0,0.04285714285714286,0.0,False,0.0
neutral_bottleneck_mutable,14119,18,1,0,0.014285714285714285,0.0,False,0.0
neutral_bottleneck_mutable,14119,20,1,0,0.014285714285714285,0.0,False,0.0
neutral_bottleneck_mutable,14119,21,1,0,0.014285714285714285,0.0,False,0.0
neutral_bottleneck_mutable,14119,26,1,0,0.014285714285714285,0.0,False,0.0
neutral_bottleneck_mutable,14119,33,1,0,0.014285714285714285,0.0,False,0.0
neutral_bottleneck_mutable,14119,34,3,0,0.04285714285714286,0.0,False,0.0
neutral_bottleneck_mutable,14119,35,5,0,0.07142857142857142,0.0,False,0.0
neutral_bottleneck_mutable,14119,39,7,0,0.1,0.0,False,0.0
neutral_bottleneck_mutable,14119,41,1,0,0.014285714285714285,0.0,False,0.0
neutral_bottleneck_mutable,14119,48,3,0,0.04285714285714286,0.0,False,0.0
neutral_bottleneck_mutable,14119,49,6,0,0.08571428571428572,0.0,False,0.0
neutral_bottleneck_mutable,14119,50,1,4,0.014285714285714285,0.14814814814814814,True,0.05829834188099945
neutral_bottleneck_mutable,14119,55,1,0,0.014285714285714285,0.0,False,0.0
neutral_bottleneck_mutable,14119,56,3,5,0.04285714285714286,0.18518518518518517,True,0.05555262105624179
neutral_bottleneck_mutable,14119,57,1,0,0.014285714285714285,0.0,False,0.0
neutral_bottleneck_mutable,14119,58,5,0,0.07142857142857142,0.0,False,0.0
neutral_bottleneck_mutable,14119,59,4,5,0.05714285714285714,0.18518518518518517,True,0.027583316529771442
neutral_bottleneck_mutable,14119,61,2,0,0.02857142857142857,0.0,False,0.0
neutral_bottleneck_mutable,14119,63,3,0,0.04285714285714286,0.0,False,0.0
neutral_bottleneck_mutable,14119,66,2,0,0.02857142857142857,0.0,False,0.0
neutral_bottleneck_mutable,14119,67,1,0,0.014285714285714285,0.0,False,0.0
neutral_bottleneck_mutable,14119,68,1,4,0.014285714285714285,0.14814814814814814,True,0.050730775464779686
scarcity_mutable,14137,0,1,0,0.015873015873015872,0.0,False,0.0
scarcity_mutable,14137,1,9,2,0.14285714285714285,0.3333333333333333,True,0.026467330516418544
scarcity_mutable,14137,4,4,0,0.06349206349206349,0.0,False,0.0
scarcity_mutable,14137,13,1,0,0.015873015873015872,0.0,False,0.0
scarcity_mutable,14137,16,9,1,0.14285714285714285,0.16666666666666666,True,0.06236445075928527
scarcity_mutable,14137,17,1,0,0.015873015873015872,0.0,False,0.0
scarcity_mutable,14137,22,1,0,0.015873015873015872,0.0,False,0.0
scarcity_mutable,14137,26,1,0,0.015873015873015872,0.0,False,0.0
scarcity_mutable,14137,27,5,0,0.07936507936507936,0.0,False,0.0
scarcity_mutable,14137,29,1,0,0.015873015873015872,0.0,False,0.0
scarcity_mutable,14137,32,2,0,0.031746031746031744,0.0,False,0.0
scarcity_mutable,14137,34,1,0,0.015873015873015872,0.0,False,0.0
scarcity_mutable,14137,35,1,0,0.015873015873015872,0.0,False,0.0
scarcity_mutable,14137,41,4,0,0.06349206349206349,0.0,False,0.0
scarcity_mutable,14137,42,2,0,0.031746031746031744,0.0,False,0.0
scarcity_mutable,14137,44,1,0,0.015873015873015872,0.0,False,0.0
scarcity_mutable,14137,48,2,0,0.031746031746031744,0.0,False,0.0
scarcity_mutable,14137,53,1,0,0.015873015873015872,0.0,False,0.0
scarcity_mutable,14137,60,4,1,0.06349206349206349,0.16666666666666666,True,0.0660327795227269
scarcity_mutable,14137,62,3,1,0.047619047619047616,0.16666666666666666,True,0.0457918101564326
scarcity_mutable,14137,63,2,0,0.031746031746031744,0.0,False,0.0
scarcity_mutable,14137,68,2,0,0.031746031746031744,0.0,False,0.0
scarcity_mutable,14137,69,5,1,0.07936507936507936,0.16666666666666666,True,0.08939540684894122
neutral_bottleneck_mutable,14137,0,1,0,0.015873015873015872,0.0,False,0.0
neutral_bottleneck_mutable,14137,1,9,8,0.14285714285714285,0.36363636363636365,True,0.04707743590937913
neutral_bottleneck_mutable,14137,4,4,0,0.06349206349206349,0.0,False,0.0
neutral_bottleneck_mutable,14137,13,1,0,0.015873015873015872,0.0,False,0.0
neutral_bottleneck_mutable,14137,16,9,0,0.14285714285714285,0.0,False,0.0
neutral_bottleneck_mutable,14137,17,1,0,0.015873015873015872,0.0,False,0.0
neutral_bottleneck_mutable,14137,22,1,0,0.015873015873015872,0.0,False,0.0
neutral_bottleneck_mutable,14137,26,1,0,0.015873015873015872,0.0,False,0.0
neutral_bottleneck_mutable,14137,27,5,7,0.07936507936507936,0.3181818181818182,True,0.0563966771492021
neutral_bottleneck_mutable,14137,29,1,4,0.015873015873015872,0.18181818181818182,True,0.04793679478252974
neutral_bottleneck_mutable,14137,32,2,0,0.031746031746031744,0.0,False,0.0
neutral_bottleneck_mutable,14137,34,1,0,0.015873015873015872,0.0,False,0.0
neutral_bottleneck_mutable,14137,35,1,0,0.015873015873015872,0.0,False,0.0
neutral_bottleneck_mutable,14137,41,4,0,0.06349206349206349,0.0,False,0.0
neutral_bottleneck_mutable,14137,42,2,0,0.031746031746031744,0.0,False,0.0
neutral_bottleneck_mutable,14137,44,1,0,0.015873015873015872,0.0,False,0.0
neutral_bottleneck_mutable,14137,48,2,0,0.031746031746031744,0.0,False,0.0
neutral_bottleneck_mutable,14137,53,1,0,0.015873015873015872,0.0,False,0.0
neutral_bottleneck_mutable,14137,60,4,0,0.06349206349206349,0.0,False,0.0
neutral_bottleneck_mutable,14137,62,3,0,0.047619047619047616,0.0,False,0.0
neutral_bottleneck_mutable,14137,63,2,3,0.031746031746031744,0.13636363636363635,True,0.0709328386695418
neutral_bottleneck_mutable,14137,68,2,0,0.031746031746031744,0.0,False,0.0
neutral_bottleneck_mutable,14137,69,5,0,0.07936507936507936,0.0,False,0.0
scarcity_mutable,14153,1,4,0,0.05333333333333334,0.0,False,0.0
scarcity_mutable,14153,2,1,0,0.013333333333333334,0.0,False,0.0
scarcity_mutable,14153,3,2,0,0.02666666666666667,0.0,False,0.0
scarcity_mutable,14153,4,2,0,0.02666666666666667,0.0,False,0.0
scarcity_mutable,14153,6,1,0,0.013333333333333334,0.0,False,0.0
scarcity_mutable,14153,7,1,0,0.013333333333333334,0.0,False,0.0
scarcity_mutable,14153,10,2,0,0.02666666666666667,0.0,False,0.0
scarcity_mutable,14153,13,1,0,0.013333333333333334,0.0,False,0.0
scarcity_mutable,14153,14,4,1,0.05333333333333334,0.1111111111111111,True,0.05774064814448894
scarcity_mutable,14153,15,2,0,0.02666666666666667,0.0,False,0.0
scarcity_mutable,14153,19,1,0,0.013333333333333334,0.0,False,0.0
scarcity_mutable,14153,24,1,0,0.013333333333333334,0.0,False,0.0
scarcity_mutable,14153,26,2,0,0.02666666666666667,0.0,False,0.0
scarcity_mutable,14153,27,5,1,0.06666666666666667,0.1111111111111111,True,0.03930668037881856
scarcity_mutable,14153,29,1,0,0.013333333333333334,0.0,False,0.0
scarcity_mutable,14153,33,1,0,0.013333333333333334,0.0,False,0.0
scarcity_mutable,14153,36,1,0,0.013333333333333334,0.0,False,0.0
scarcity_mutable,14153,37,1,0,0.013333333333333334,0.0,False,0.0
scarcity_mutable,14153,39,9,1,0.12,0.1111111111111111,True,0.09731816778732341
scarcity_mutable,14153,41,2,0,0.02666666666666667,0.0,False,0.0
scarcity_mutable,14153,44,3,2,0.04,0.2222222222222222,True,0.04564498010792239
scarcity_mutable,14153,45,7,2,0.09333333333333334,0.2222222222222222,True,0.033341930893315844
scarcity_mutable,14153,46,1,0,0.013333333333333334,0.0,False,0.0
scarcity_mutable,14153,51,1,0,0.013333333333333334,0.0,False,0.0
scarcity_mutable,14153,52,1,0,0.013333333333333334,0.0,False,0.0
scarcity_mutable,14153,53,1,0,0.013333333333333334,0.0,False,0.0
scarcity_mutable,14153,54,1,0,0.013333333333333334,0.0,False,0.0
scarcity_mutable,14153,55,1,0,0.013333333333333334,0.0,False,0.0
scarcity_mutable,14153,57,1,0,0.013333333333333334,0.0,False,0.0
scarcity_mutable,14153,59,2,0,0.02666666666666667,0.0,False,0.0
scarcity_mutable,14153,60,6,2,0.08,0.2222222222222222,True,0.05080144723936196
scarcity_mutable,14153,63,4,0,0.05333333333333334,0.0,False,0.0
scarcity_mutable,14153,64,1,0,0.013333333333333334,0.0,False,0.0
scarcity_mutable,14153,68,1,0,0.013333333333333334,0.0,False,0.0
neutral_bottleneck_mutable,14153,1,4,4,0.05333333333333334,0.12121212121212122,True,0.12095315866407208
neutral_bottleneck_mutable,14153,2,1,0,0.013333333333333334,0.0,False,0.0
neutral_bottleneck_mutable,14153,3,2,0,0.02666666666666667,0.0,False,0.0
neutral_bottleneck_mutable,14153,4,2,0,0.02666666666666667,0.0,False,0.0
neutral_bottleneck_mutable,14153,6,1,0,0.013333333333333334,0.0,False,0.0
neutral_bottleneck_mutable,14153,7,1,0,0.013333333333333334,0.0,False,0.0
neutral_bottleneck_mutable,14153,10,2,0,0.02666666666666667,0.0,False,0.0
neutral_bottleneck_mutable,14153,13,1,0,0.013333333333333334,0.0,False,0.0
neutral_bottleneck_mutable,14153,14,4,8,0.05333333333333334,0.24242424242424243,True,0.02988210763326767
neutral_bottleneck_mutable,14153,15,2,0,0.02666666666666667,0.0,False,0.0
neutral_bottleneck_mutable,14153,19,1,0,0.013333333333333334,0.0,False,0.0
neutral_bottleneck_mutable,14153,24,1,0,0.013333333333333334,0.0,False,0.0
neutral_bottleneck_mutable,14153,26,2,4,0.02666666666666667,0.12121212121212122,True,0.07873313196895411
neutral_bottleneck_mutable,14153,27,5,0,0.06666666666666667,0.0,False,0.0
neutral_bottleneck_mutable,14153,29,1,4,0.013333333333333334,0.12121212121212122,True,0.04975167253246473
neutral_bottleneck_mutable,14153,33,1,0,0.013333333333333334,0.0,False,0.0
neutral_bottleneck_mutable,14153,36,1,0,0.013333333333333334,0.0,False,0.0
neutral_bottleneck_mutable,14153,37,1,0,0.013333333333333334,0.0,False,0.0
neutral_bottleneck_mutable,14153,39,9,0,0.12,0.0,False,0.0
neutral_bottleneck_mutable,14153,41,2,0,0.02666666666666667,0.0,False,0.0
neutral_bottleneck_mutable,14153,44,3,4,0.04,0.12121212121212122,True,0.09036477898548993
neutral_bottleneck_mutable,14153,45,7,6,0.09333333333333334,0.18181818181818182,True,0.05791260608610874
neutral_bottleneck_mutable,14153,46,1,0,0.013333333333333334,0.0,False,0.0
neutral_bottleneck_mutable,14153,51,1,3,0.013333333333333334,0.09090909090909091,True,0.06337261888763217
neutral_bottleneck_mutable,14153,52,1,0,0.013333333333333334,0.0,False,0.0
neutral_bottleneck_mutable,14153,53,1,0,0.013333333333333334,0.0,False,0.0
neutral_bottleneck_mutable,14153,54,1,0,0.013333333333333334,0.0,False,0.0
neutral_bottleneck_mutable,14153,55,1,0,0.013333333333333334,0.0,False,0.0
neutral_bottleneck_mutable,14153,57,1,0,0.013333333333333334,0.0,False,0.0
neutral_bottleneck_mutable,14153,59,2,0,0.02666666666666667,0.0,False,0.0
neutral_bottleneck_mutable,14153,60,6,0,0.08,0.0,False,0.0
neutral_bottleneck_mutable,14153,63,4,0,0.05333333333333334,0.0,False,0.0
neutral_bottleneck_mutable,14153,64,1,0,0.013333333333333334,0.0,False,0.0
neutral_bottleneck_mutable,14153,68,1,0,0.013333333333333334,0.0,False,0.0
scarcity_mutable,14173,0,1,0,0.017857142857142856,0.0,False,0.0
scarcity_mutable,14173,1,1,0,0.017857142857142856,0.0,False,0.0
scarcity_mutable,14173,2,2,1,0.03571428571428571,0.2,True,0.04883679591554159
scarcity_mutable,14173,3,1,0,0.017857142857142856,0.0,False,0.0
scarcity_mutable,14173,6,1,0,0.017857142857142856,0.0,False,0.0
scarcity_mutable,14173,7,1,0,0.017857142857142856,0.0,False,0.0
scarcity_mutable,14173,9,2,0,0.03571428571428571,0.0,False,0.0
scarcity_mutable,14173,11,4,0,0.07142857142857142,0.0,False,0.0
scarcity_mutable,14173,12,9,0,0.16071428571428573,0.0,False,0.0
scarcity_mutable,14173,16,1,0,0.017857142857142856,0.0,False,0.0
scarcity_mutable,14173,17,4,1,0.07142857142857142,0.2,True,0.0978961241853768
scarcity_mutable,14173,19,1,0,0.017857142857142856,0.0,False,0.0
scarcity_mutable,14173,20,2,0,0.03571428571428571,0.0,False,0.0
scarcity_mutable,14173,24,1,0,0.017857142857142856,0.0,False,0.0
scarcity_mutable,14173,25,3,0,0.05357142857142857,0.0,False,0.0
scarcity_mutable,14173,26,1,0,0.017857142857142856,0.0,False,0.0
scarcity_mutable,14173,29,1,0,0.017857142857142856,0.0,False,0.0
scarcity_mutable,14173,34,3,1,0.05357142857142857,0.2,True,0.04104734082356383
scarcity_mutable,14173,37,1,0,0.017857142857142856,0.0,False,0.0
scarcity_mutable,14173,39,3,0,0.05357142857142857,0.0,False,0.0
scarcity_mutable,14173,47,2,0,0.03571428571428571,0.0,False,0.0
scarcity_mutable,14173,51,2,0,0.03571428571428571,0.0,False,0.0
scarcity_mutable,14173,52,5,1,0.08928571428571429,0.2,True,0.04630266831126556
scarcity_mutable,14173,60,1,0,0.017857142857142856,0.0,False,0.0
scarcity_mutable,14173,61,1,0,0.017857142857142856,0.0,False,0.0
scarcity_mutable,14173,69,2,1,0.03571428571428571,0.2,True,0.037097275688972864
neutral_bottleneck_mutable,14173,0,1,0,0.017857142857142856,0.0,False,0.0
neutral_bottleneck_mutable,14173,1,1,0,0.017857142857142856,0.0,False,0.0
neutral_bottleneck_mutable,14173,2,2,4,0.03571428571428571,0.15384615384615385,True,0.09141562794925782
neutral_bottleneck_mutable,14173,3,1,0,0.017857142857142856,0.0,False,0.0
neutral_bottleneck_mutable,14173,6,1,0,0.017857142857142856,0.0,False,0.0
neutral_bottleneck_mutable,14173,7,1,0,0.017857142857142856,0.0,False,0.0
neutral_bottleneck_mutable,14173,9,2,0,0.03571428571428571,0.0,False,0.0
neutral_bottleneck_mutable,14173,11,4,0,0.07142857142857142,0.0,False,0.0
neutral_bottleneck_mutable,14173,12,9,9,0.16071428571428573,0.34615384615384615,True,0.20501191653463846
neutral_bottleneck_mutable,14173,16,1,0,0.017857142857142856,0.0,False,0.0
neutral_bottleneck_mutable,14173,17,4,4,0.07142857142857142,0.15384615384615385,True,0.0717713495869384
neutral_bottleneck_mutable,14173,19,1,0,0.017857142857142856,0.0,False,0.0
neutral_bottleneck_mutable,14173,20,2,0,0.03571428571428571,0.0,False,0.0
neutral_bottleneck_mutable,14173,24,1,0,0.017857142857142856,0.0,False,0.0
neutral_bottleneck_mutable,14173,25,3,0,0.05357142857142857,0.0,False,0.0
neutral_bottleneck_mutable,14173,26,1,0,0.017857142857142856,0.0,False,0.0
neutral_bottleneck_mutable,14173,29,1,0,0.017857142857142856,0.0,False,0.0
neutral_bottleneck_mutable,14173,34,3,0,0.05357142857142857,0.0,False,0.0
neutral_bottleneck_mutable,14173,37,1,0,0.017857142857142856,0.0,False,0.0
neutral_bottleneck_mutable,14173,39,3,9,0.05357142857142857,0.34615384615384615,True,0.051627461760000035
neutral_bottleneck_mutable,14173,47,2,0,0.03571428571428571,0.0,False,0.0
neutral_bottleneck_mutable,14173,51,2,0,0.03571428571428571,0.0,False,0.0
neutral_bottleneck_mutable,14173,52,5,0,0.08928571428571429,0.0,False,0.0
neutral_bottleneck_mutable,14173,60,1,0,0.017857142857142856,0.0,False,0.0
neutral_bottleneck_mutable,14173,61,1,0,0.017857142857142856,0.0,False,0.0
neutral_bottleneck_mutable,14173,69,2,0,0.03571428571428571,0.0,False,0.0
