left_observer,right_observer,structural_distance,feature_symmetric_difference,quotient_distance,geometry_distance,coassignment_jaccard,geometry_spearman,one_feature_neighbor
OBSERVER-ECA-SUBSET-00001,OBSERVER-ECA-SUBSET-00010,0.4,2,0.8750379132544738,0.5297018479043426,0.12496208674552624,-0.05940369580868517,false
OBSERVER-ECA-SUBSET-00001,OBSERVER-ECA-SUBSET-00011,0.2,1,0.6690687361419069,0.10555877644209632,0.3309312638580931,0.7888824471158074,true
OBSERVER-ECA-SUBSET-00001,OBSERVER-ECA-SUBSET-00100,0.4,2,0.9566902595214021,0.5416662563743302,0.04330974047859791,-0.08333251274866033,false
OBSERVER-ECA-SUBSET-00001,OBSERVER-ECA-SUBSET-00101,0.2,1,0.2421493370551291,0.000032180164777906306,0.7578506629448709,0.9999356396704442,true
OBSERVER-ECA-SUBSET-00001,OBSERVER-ECA-SUBSET-00110,0.6,3,0.8761220825852782,0.5290830543676692,0.12387791741472172,-0.05816610873533842,false
OBSERVER-ECA-SUBSET-00001,OBSERVER-ECA-SUBSET-00111,0.4,2,0.6690687361419069,0.10556079669753315,0.3309312638580931,0.7888784066049337,false
OBSERVER-ECA-SUBSET-00001,OBSERVER-ECA-SUBSET-01000,0.4,2,0.958113419427288,0.34228479571462667,0.04188658057271196,0.3154304085707466,false
OBSERVER-ECA-SUBSET-00001,OBSERVER-ECA-SUBSET-01001,0.2,1,0.67392518146287,0.008052970722935648,0.3260748185371301,0.9838940585541287,true
OBSERVER-ECA-SUBSET-00001,OBSERVER-ECA-SUBSET-01010,0.6,3,0.9318444358875626,0.5058134533594799,0.06815556411243742,-0.011626906718959934,false
OBSERVER-ECA-SUBSET-00001,OBSERVER-ECA-SUBSET-01011,0.4,2,0.8246056782334386,0.10756663335154643,0.1753943217665615,0.7848667332969071,false
OBSERVER-ECA-SUBSET-00001,OBSERVER-ECA-SUBSET-01100,0.6,3,0.9588563458856346,0.3470093107990353,0.041143654114365415,0.30598137840192935,false
OBSERVER-ECA-SUBSET-00001,OBSERVER-ECA-SUBSET-01101,0.4,2,0.6693548387096775,0.008052934019642355,0.33064516129032256,0.9838941319607153,false
OBSERVER-ECA-SUBSET-00001,OBSERVER-ECA-SUBSET-01110,0.8,4,0.9317656129529683,0.505812271046801,0.06823438704703161,-0.011624542093602117,false
OBSERVER-ECA-SUBSET-00001,OBSERVER-ECA-SUBSET-01111,0.6,3,0.8246056782334386,0.10756814161459799,0.1753943217665615,0.784863716770804,false
OBSERVER-ECA-SUBSET-00001,OBSERVER-ECA-SUBSET-10000,0.4,2,0.7269417475728155,0.30761448463859087,0.27305825242718446,0.38477103072281826,false
OBSERVER-ECA-SUBSET-00001,OBSERVER-ECA-SUBSET-10001,0.2,1,0.5377417342482844,0.12998202898219102,0.4622582657517155,0.740035942035618,true
OBSERVER-ECA-SUBSET-00001,OBSERVER-ECA-SUBSET-10010,0.6,3,0.7692660550458715,0.3580889622225728,0.23073394495412844,0.28382207555485434,false
OBSERVER-ECA-SUBSET-00001,OBSERVER-ECA-SUBSET-10011,0.4,2,0.6611950098489823,0.16645522197324958,0.3388049901510177,0.6670895560535008,false
OBSERVER-ECA-SUBSET-00001,OBSERVER-ECA-SUBSET-10100,0.6,3,0.7285251215559156,0.3076153243384088,0.2714748784440843,0.38476935132318235,false
OBSERVER-ECA-SUBSET-00001,OBSERVER-ECA-SUBSET-10101,0.4,2,0.5377417342482844,0.12998146922476228,0.4622582657517155,0.7400370615504754,false
OBSERVER-ECA-SUBSET-00001,OBSERVER-ECA-SUBSET-10110,0.8,4,0.7692660550458715,0.3580907056747946,0.23073394495412844,0.28381858865041076,false
OBSERVER-ECA-SUBSET-00001,OBSERVER-ECA-SUBSET-10111,0.6,3,0.6611950098489823,0.16645593224536315,0.3388049901510177,0.6670881355092737,false
OBSERVER-ECA-SUBSET-00001,OBSERVER-ECA-SUBSET-11000,0.6,3,0.7836822329575953,0.3067710369211993,0.2163177670424047,0.38645792615760144,false
OBSERVER-ECA-SUBSET-00001,OBSERVER-ECA-SUBSET-11001,0.4,2,0.7019167217448777,0.13038696138025996,0.29808327825512226,0.7392260772394801,false
OBSERVER-ECA-SUBSET-00001,OBSERVER-ECA-SUBSET-11010,0.8,4,0.8736900165471594,0.3567797072442757,0.12630998345284059,0.2864405855114486,false
OBSERVER-ECA-SUBSET-00001,OBSERVER-ECA-SUBSET-11011,0.6,3,0.8429144385026738,0.16641597076239867,0.1570855614973262,0.6671680584752027,false
OBSERVER-ECA-SUBSET-00001,OBSERVER-ECA-SUBSET-11100,0.8,4,0.7847557702630166,0.30677725399172723,0.21524422973698337,0.38644549201654554,false
OBSERVER-ECA-SUBSET-00001,OBSERVER-ECA-SUBSET-11101,0.6,3,0.7019167217448777,0.1303869069669057,0.29808327825512226,0.7392261860661886,false
OBSERVER-ECA-SUBSET-00001,OBSERVER-ECA-SUBSET-11110,1,5,0.8736900165471594,0.35678132132940854,0.12630998345284059,0.2864373573411829,false
OBSERVER-ECA-SUBSET-00001,OBSERVER-ECA-SUBSET-11111,0.8,4,0.8429144385026738,0.1664170288076331,0.1570855614973262,0.6671659423847338,false
OBSERVER-ECA-SUBSET-00010,OBSERVER-ECA-SUBSET-00011,0.2,1,0.8182149362477231,0.31229362951869843,0.18178506375227688,0.3754127409626031,true
OBSERVER-ECA-SUBSET-00010,OBSERVER-ECA-SUBSET-00100,0.4,2,0.7117216117216117,0.027501211887816013,0.28827838827838825,0.944997576224368,false
OBSERVER-ECA-SUBSET-00010,OBSERVER-ECA-SUBSET-00101,0.6,3,0.8603389830508474,0.5284137893724776,0.13966101694915253,-0.05682757874495535,false
OBSERVER-ECA-SUBSET-00010,OBSERVER-ECA-SUBSET-00110,0.2,1,0.02871838834119156,0.00003355866441517863,0.9712816116588084,0.9999328826711696,true
OBSERVER-ECA-SUBSET-00010,OBSERVER-ECA-SUBSET-00111,0.4,2,0.8182149362477231,0.3122913106868933,0.18178506375227688,0.3754173786262133,false
OBSERVER-ECA-SUBSET-00010,OBSERVER-ECA-SUBSET-01000,0.4,2,0.9499948127399108,0.5281806110305409,0.05000518726008922,-0.05636122206108192,false
OBSERVER-ECA-SUBSET-00010,OBSERVER-ECA-SUBSET-01001,0.6,3,0.947678221059516,0.5306979293471988,0.052321778940483975,-0.061395858694397634,false
OBSERVER-ECA-SUBSET-00010,OBSERVER-ECA-SUBSET-01010,0.2,1,0.7923205342237062,0.07726687164837737,0.20767946577629381,0.8454662567032453,true
OBSERVER-ECA-SUBSET-00010,OBSERVER-ECA-SUBSET-01011,0.4,2,0.912379421221865,0.31240238320600555,0.08762057877813505,0.37519523358798884,false
OBSERVER-ECA-SUBSET-00010,OBSERVER-ECA-SUBSET-01100,0.6,3,0.9006403635612477,0.4746061691986715,0.09935963643875233,0.05078766160265706,false
OBSERVER-ECA-SUBSET-00010,OBSERVER-ECA-SUBSET-01101,0.8,4,0.9465419311727363,0.5303000852064385,0.053458068827263616,-0.060600170412876804,false
OBSERVER-ECA-SUBSET-00010,OBSERVER-ECA-SUBSET-01110,0.4,2,0.7921122994652406,0.07726448313159451,0.20788770053475936,0.845471033736811,false
OBSERVER-ECA-SUBSET-00010,OBSERVER-ECA-SUBSET-01111,0.6,3,0.912379421221865,0.31240009519274614,0.08762057877813505,0.3751998096145078,false
OBSERVER-ECA-SUBSET-00010,OBSERVER-ECA-SUBSET-10000,0.4,2,0.8394415357766143,0.514332387486589,0.16055846422338568,-0.028664774973178136,false
OBSERVER-ECA-SUBSET-00010,OBSERVER-ECA-SUBSET-10001,0.6,3,0.8605648909545942,0.5254843723932052,0.1394351090454058,-0.05096874478641049,false
OBSERVER-ECA-SUBSET-00010,OBSERVER-ECA-SUBSET-10010,0.2,1,0.7887323943661972,0.3057261531308444,0.2112676056338028,0.38854769373831116,true
OBSERVER-ECA-SUBSET-00010,OBSERVER-ECA-SUBSET-10011,0.4,2,0.8383716243450221,0.3792755207467494,0.16162837565497784,0.24144895850650122,false
OBSERVER-ECA-SUBSET-00010,OBSERVER-ECA-SUBSET-10100,0.6,3,0.8390201224846894,0.5138791522401394,0.1609798775153106,-0.027758304480278786,false
OBSERVER-ECA-SUBSET-00010,OBSERVER-ECA-SUBSET-10101,0.8,4,0.8605648909545942,0.525397164413109,0.1394351090454058,-0.05079432882621807,false
OBSERVER-ECA-SUBSET-00010,OBSERVER-ECA-SUBSET-10110,0.4,2,0.7887323943661972,0.30572205763140337,0.2112676056338028,0.3885558847371932,false
OBSERVER-ECA-SUBSET-00010,OBSERVER-ECA-SUBSET-10111,0.6,3,0.8383716243450221,0.3792726369807045,0.16162837565497784,0.241454726038591,false
OBSERVER-ECA-SUBSET-00010,OBSERVER-ECA-SUBSET-11000,0.6,3,0.9286698828394211,0.5168669780586214,0.07133011716057891,-0.03373395611724266,false
OBSERVER-ECA-SUBSET-00010,OBSERVER-ECA-SUBSET-11001,0.8,4,0.9387523629489603,0.5258424063924231,0.0612476370510397,-0.05168481278484618,false
OBSERVER-ECA-SUBSET-00010,OBSERVER-ECA-SUBSET-11010,0.4,2,0.9067828723001137,0.3064884366988596,0.09321712769988633,0.38702312660228083,false
OBSERVER-ECA-SUBSET-00010,OBSERVER-ECA-SUBSET-11011,0.6,3,0.9310631229235881,0.3793669498308121,0.06893687707641195,0.24126610033837587,false
OBSERVER-ECA-SUBSET-00010,OBSERVER-ECA-SUBSET-11100,0.8,4,0.9286206896551724,0.5167357700882096,0.07137931034482758,-0.03347154017641923,false
OBSERVER-ECA-SUBSET-00010,OBSERVER-ECA-SUBSET-11101,1,5,0.9387523629489603,0.5258095224084196,0.0612476370510397,-0.05161904481683914,false
OBSERVER-ECA-SUBSET-00010,OBSERVER-ECA-SUBSET-11110,0.6,3,0.9067828723001137,0.30648420596334347,0.09321712769988633,0.3870315880733131,false
OBSERVER-ECA-SUBSET-00010,OBSERVER-ECA-SUBSET-11111,0.8,4,0.9310631229235881,0.37936389036436924,0.06893687707641195,0.2412722192712615,false
OBSERVER-ECA-SUBSET-00011,OBSERVER-ECA-SUBSET-00100,0.6,3,0.9220632530120482,0.32967365489046907,0.0779367469879518,0.3406526902190618,false
OBSERVER-ECA-SUBSET-00011,OBSERVER-ECA-SUBSET-00101,0.4,2,0.5902539464653398,0.10425281729774127,0.40974605353466026,0.7914943654045175,false
OBSERVER-ECA-SUBSET-00011,OBSERVER-ECA-SUBSET-00110,0.4,2,0.8191603875134553,0.3114460474795324,0.18083961248654468,0.37710790504093517,false
OBSERVER-ECA-SUBSET-00011,OBSERVER-ECA-SUBSET-00111,0.2,1,0,4.502712275811227e-7,1,0.9999990994575448,true
OBSERVER-ECA-SUBSET-00011,OBSERVER-ECA-SUBSET-01000,0.6,3,0.969119195227512,0.37941659817713624,0.03088080477248801,0.24116680364572757,false
OBSERVER-ECA-SUBSET-00011,OBSERVER-ECA-SUBSET-01001,0.4,2,0.8129272840273462,0.11065495963285887,0.18707271597265382,0.7786900807342823,false
OBSERVER-ECA-SUBSET-00011,OBSERVER-ECA-SUBSET-01010,0.4,2,0.8807561803199224,0.28541603848954145,0.11924381968007755,0.4291679230209171,false
OBSERVER-ECA-SUBSET-00011,OBSERVER-ECA-SUBSET-01011,0.2,1,0.5646817248459959,0.0012143344558661617,0.4353182751540041,0.9975713310882677,true
OBSERVER-ECA-SUBSET-00011,OBSERVER-ECA-SUBSET-01100,0.8,4,0.9307405434203516,0.35365304325199387,0.06925945657964838,0.2926939134960122,false
OBSERVER-ECA-SUBSET-00011,OBSERVER-ECA-SUBSET-01101,0.6,3,0.8050518134715026,0.11027865564307937,0.1949481865284974,0.7794426887138413,false
OBSERVER-ECA-SUBSET-00011,OBSERVER-ECA-SUBSET-01110,0.6,3,0.8805825242718447,0.28541151229324446,0.11941747572815534,0.429176975413511,false
OBSERVER-ECA-SUBSET-00011,OBSERVER-ECA-SUBSET-01111,0.4,2,0.5646817248459959,0.0012143099638006194,0.4353182751540041,0.9975713800723988,false
OBSERVER-ECA-SUBSET-00011,OBSERVER-ECA-SUBSET-10000,0.6,3,0.759481961147086,0.32635228792537874,0.24051803885291398,0.3472954241492425,false
OBSERVER-ECA-SUBSET-00011,OBSERVER-ECA-SUBSET-10001,0.4,2,0.587218045112782,0.1797905907233492,0.412781954887218,0.6404188185533016,false
OBSERVER-ECA-SUBSET-00011,OBSERVER-ECA-SUBSET-10010,0.4,2,0.6573849878934624,0.23163137908477077,0.34261501210653755,0.5367372418304585,false
OBSERVER-ECA-SUBSET-00011,OBSERVER-ECA-SUBSET-10011,0.2,1,0.4244244244244244,0.09239878487837366,0.5755755755755756,0.8152024302432527,true
OBSERVER-ECA-SUBSET-00011,OBSERVER-ECA-SUBSET-10100,0.8,4,0.7584765443567115,0.32607972864948176,0.24152345564328845,0.3478405427010365,false
OBSERVER-ECA-SUBSET-00011,OBSERVER-ECA-SUBSET-10101,0.6,3,0.587218045112782,0.1797219400013359,0.412781954887218,0.6405561199973282,false
OBSERVER-ECA-SUBSET-00011,OBSERVER-ECA-SUBSET-10110,0.6,3,0.6573849878934624,0.23163069596840036,0.34261501210653755,0.5367386080631993,false
OBSERVER-ECA-SUBSET-00011,OBSERVER-ECA-SUBSET-10111,0.4,2,0.4244244244244244,0.09239762208129498,0.5755755755755756,0.81520475583741,false
OBSERVER-ECA-SUBSET-00011,OBSERVER-ECA-SUBSET-11000,0.8,4,0.8440308087291399,0.3268339351081989,0.15596919127086006,0.34633212978360217,false
OBSERVER-ECA-SUBSET-00011,OBSERVER-ECA-SUBSET-11001,0.6,3,0.78130081300813,0.18039541041814816,0.2186991869918699,0.6392091791637037,false
OBSERVER-ECA-SUBSET-00011,OBSERVER-ECA-SUBSET-11010,0.6,3,0.7878554957724827,0.23030041374988053,0.2121445042275173,0.5393991725002389,false
OBSERVER-ECA-SUBSET-00011,OBSERVER-ECA-SUBSET-11011,0.4,2,0.7147208121827411,0.0924200696439475,0.28527918781725886,0.815159860712105,false
OBSERVER-ECA-SUBSET-00011,OBSERVER-ECA-SUBSET-11100,1,5,0.8438303341902313,0.32674937778612767,0.15616966580976863,0.34650124442774466,false
OBSERVER-ECA-SUBSET-00011,OBSERVER-ECA-SUBSET-11101,0.8,4,0.78130081300813,0.180368640211372,0.2186991869918699,0.639262719577256,false
OBSERVER-ECA-SUBSET-00011,OBSERVER-ECA-SUBSET-11110,0.8,4,0.7878554957724827,0.23029972659089032,0.2121445042275173,0.5394005468182194,false
OBSERVER-ECA-SUBSET-00011,OBSERVER-ECA-SUBSET-11111,0.6,3,0.7147208121827411,0.09241895488018542,0.28527918781725886,0.8151620902396292,false
OBSERVER-ECA-SUBSET-00100,OBSERVER-ECA-SUBSET-00101,0.2,1,0.954000357973868,0.5403012308532487,0.04599964202613209,-0.08060246170649742,true
OBSERVER-ECA-SUBSET-00100,OBSERVER-ECA-SUBSET-00110,0.2,1,0.7054844606946984,0.026521525151676995,0.29451553930530167,0.946956949696646,true
OBSERVER-ECA-SUBSET-00100,OBSERVER-ECA-SUBSET-00111,0.4,2,0.9220632530120482,0.32961094204963126,0.0779367469879518,0.34077811590073753,false
OBSERVER-ECA-SUBSET-00100,OBSERVER-ECA-SUBSET-01000,0.4,2,0.8987242222998951,0.4985102475611217,0.10127577770010486,0.0029795048777565033,false
OBSERVER-ECA-SUBSET-00100,OBSERVER-ECA-SUBSET-01001,0.6,3,0.9664551223934723,0.5394034356921773,0.033544877606527655,-0.07880687138435463,false
OBSERVER-ECA-SUBSET-00100,OBSERVER-ECA-SUBSET-01010,0.6,3,0.7753012048192771,0.06301392512682952,0.2246987951807229,0.873972149746341,false
OBSERVER-ECA-SUBSET-00100,OBSERVER-ECA-SUBSET-01011,0.8,4,0.9523424878836834,0.3275384680119715,0.04765751211631664,0.34492306397605704,false
OBSERVER-ECA-SUBSET-00100,OBSERVER-ECA-SUBSET-01100,0.2,1,0.8255831452219714,0.44101432207438906,0.1744168547780286,0.11797135585122183,true
OBSERVER-ECA-SUBSET-00100,OBSERVER-ECA-SUBSET-01101,0.4,2,0.9660550458715597,0.5390062646171422,0.03394495412844037,-0.07801252923428427,false
OBSERVER-ECA-SUBSET-00100,OBSERVER-ECA-SUBSET-01110,0.4,2,0.7754118119726798,0.06297852541328952,0.2245881880273202,0.874042949173421,false
OBSERVER-ECA-SUBSET-00100,OBSERVER-ECA-SUBSET-01111,0.6,3,0.9523424878836834,0.32753369376754965,0.04765751211631664,0.3449326124649007,false
OBSERVER-ECA-SUBSET-00100,OBSERVER-ECA-SUBSET-10000,0.4,2,0.9063872930043934,0.5309090584703254,0.09361270699560663,-0.06181811694065077,false
OBSERVER-ECA-SUBSET-00100,OBSERVER-ECA-SUBSET-10001,0.6,3,0.9586700955180014,0.5389933767031193,0.04132990448199853,-0.07798675340623853,false
OBSERVER-ECA-SUBSET-00100,OBSERVER-ECA-SUBSET-10010,0.6,3,0.8793135609028166,0.3286759551073999,0.12068643909718337,0.3426480897852003,false
OBSERVER-ECA-SUBSET-00100,OBSERVER-ECA-SUBSET-10011,0.8,4,0.9525483304042179,0.39813906176769565,0.04745166959578207,0.20372187646460865,false
OBSERVER-ECA-SUBSET-00100,OBSERVER-ECA-SUBSET-10100,0.2,1,0.9062447114570993,0.5304811035214767,0.09375528854290066,-0.06096220704295334,true
OBSERVER-ECA-SUBSET-00100,OBSERVER-ECA-SUBSET-10101,0.4,2,0.9586700955180014,0.5389206447701993,0.04132990448199853,-0.0778412895403987,false
OBSERVER-ECA-SUBSET-00100,OBSERVER-ECA-SUBSET-10110,0.4,2,0.8793135609028166,0.3286712714092665,0.12068643909718337,0.342657457181467,false
OBSERVER-ECA-SUBSET-00100,OBSERVER-ECA-SUBSET-10111,0.6,3,0.9525483304042179,0.3981358383601682,0.04745166959578207,0.2037283232796636,false
OBSERVER-ECA-SUBSET-00100,OBSERVER-ECA-SUBSET-11000,0.6,3,0.9421002838221382,0.5301298039299718,0.057899716177861875,-0.06025960785994344,false
OBSERVER-ECA-SUBSET-00100,OBSERVER-ECA-SUBSET-11001,0.8,4,0.968603744149766,0.538447024601424,0.031396255850234006,-0.07689404920284808,false
OBSERVER-ECA-SUBSET-00100,OBSERVER-ECA-SUBSET-11010,0.8,4,0.9227217984745082,0.326960692215645,0.07727820152549177,0.34607861556871,false
OBSERVER-ECA-SUBSET-00100,OBSERVER-ECA-SUBSET-11011,1,5,0.9658416854162405,0.39749138828856645,0.03415831458375946,0.20501722342286713,false
OBSERVER-ECA-SUBSET-00100,OBSERVER-ECA-SUBSET-11100,0.4,2,0.9420783645655877,0.5300004462030583,0.05792163543441227,-0.06000089240611672,false
OBSERVER-ECA-SUBSET-00100,OBSERVER-ECA-SUBSET-11101,0.6,3,0.968603744149766,0.5384162170345822,0.031396255850234006,-0.0768324340691645,false
OBSERVER-ECA-SUBSET-00100,OBSERVER-ECA-SUBSET-11110,0.6,3,0.9227217984745082,0.3269562261206934,0.07727820152549177,0.3460875477586131,false
OBSERVER-ECA-SUBSET-00100,OBSERVER-ECA-SUBSET-11111,0.8,4,0.9658416854162405,0.39748812769008685,0.03415831458375946,0.2050237446198263,false
OBSERVER-ECA-SUBSET-00101,OBSERVER-ECA-SUBSET-00110,0.4,2,0.8617696160267112,0.5277905690213122,0.13823038397328882,-0.055581138042624406,false
OBSERVER-ECA-SUBSET-00101,OBSERVER-ECA-SUBSET-00111,0.2,1,0.5902539464653398,0.1042535957075878,0.40974605353466026,0.7914928085848244,true
OBSERVER-ECA-SUBSET-00101,OBSERVER-ECA-SUBSET-01000,0.6,3,0.9630790665273424,0.34222914635885365,0.03692093347265761,0.3155417072822927,false
OBSERVER-ECA-SUBSET-00101,OBSERVER-ECA-SUBSET-01001,0.4,2,0.6924564796905223,0.008096216059971295,0.30754352030947774,0.9838075678800574,false
OBSERVER-ECA-SUBSET-00101,OBSERVER-ECA-SUBSET-01010,0.8,4,0.9213333333333333,0.5044036629355086,0.07866666666666666,-0.00880732587101735,false
OBSERVER-ECA-SUBSET-00101,OBSERVER-ECA-SUBSET-01011,0.6,3,0.7754442649434572,0.10628029156506441,0.2245557350565428,0.7874394168698712,false
OBSERVER-ECA-SUBSET-00101,OBSERVER-ECA-SUBSET-01100,0.4,2,0.9552465233881163,0.34676086874303447,0.04475347661188369,0.30647826251393107,false
OBSERVER-ECA-SUBSET-00101,OBSERVER-ECA-SUBSET-01101,0.2,1,0.6860776439089692,0.008083350617285157,0.3139223560910308,0.9838332987654297,true
OBSERVER-ECA-SUBSET-00101,OBSERVER-ECA-SUBSET-01110,0.6,3,0.9212283044058744,0.5044024176507078,0.0787716955941255,-0.008804835301415643,false
OBSERVER-ECA-SUBSET-00101,OBSERVER-ECA-SUBSET-01111,0.4,2,0.7754442649434572,0.1062817397766978,0.2245557350565428,0.7874365204466044,false
OBSERVER-ECA-SUBSET-00101,OBSERVER-ECA-SUBSET-10000,0.6,3,0.6946386946386947,0.30769605386224275,0.30536130536130535,0.3846078922755145,false
OBSERVER-ECA-SUBSET-00101,OBSERVER-ECA-SUBSET-10001,0.4,2,0.4471228615863142,0.1300526575262746,0.5528771384136858,0.7398946849474508,false
OBSERVER-ECA-SUBSET-00101,OBSERVER-ECA-SUBSET-10010,0.8,4,0.7255864702673214,0.35719644875661777,0.2744135297326787,0.28560710248676446,false
OBSERVER-ECA-SUBSET-00101,OBSERVER-ECA-SUBSET-10011,0.6,3,0.5612244897959184,0.16569560544904288,0.4387755102040816,0.6686087891019142,false
OBSERVER-ECA-SUBSET-00101,OBSERVER-ECA-SUBSET-10100,0.4,2,0.6933520599250936,0.30769159569866883,0.30664794007490637,0.38461680860266234,false
OBSERVER-ECA-SUBSET-00101,OBSERVER-ECA-SUBSET-10101,0.2,1,0.4471228615863142,0.13004989313605786,0.5528771384136858,0.7399002137278843,true
OBSERVER-ECA-SUBSET-00101,OBSERVER-ECA-SUBSET-10110,0.6,3,0.7255864702673214,0.357198166528815,0.2744135297326787,0.28560366694237,false
OBSERVER-ECA-SUBSET-00101,OBSERVER-ECA-SUBSET-10111,0.4,2,0.5612244897959184,0.16569630150660408,0.4387755102040816,0.6686073969867918,false
OBSERVER-ECA-SUBSET-00101,OBSERVER-ECA-SUBSET-11000,0.8,4,0.7482061317677756,0.306855412558402,0.2517938682322244,0.38628917488319603,false
OBSERVER-ECA-SUBSET-00101,OBSERVER-ECA-SUBSET-11001,0.6,3,0.6400336417157275,0.13046031836983973,0.3599663582842725,0.7390793632603205,false
OBSERVER-ECA-SUBSET-00101,OBSERVER-ECA-SUBSET-11010,1,5,0.8437926330150068,0.35587906453411555,0.15620736698499318,0.28824187093176895,false
OBSERVER-ECA-SUBSET-00101,OBSERVER-ECA-SUBSET-11011,0.8,4,0.7954743255004352,0.16565512481481265,0.20452567449956485,0.6686897503703747,false
OBSERVER-ECA-SUBSET-00101,OBSERVER-ECA-SUBSET-11100,0.6,3,0.7478772044415415,0.3068599209482136,0.2521227955584585,0.38628015810357275,false
OBSERVER-ECA-SUBSET-00101,OBSERVER-ECA-SUBSET-11101,0.4,2,0.6400336417157275,0.13045944455937725,0.3599663582842725,0.7390811108812455,false
OBSERVER-ECA-SUBSET-00101,OBSERVER-ECA-SUBSET-11110,0.8,4,0.8437926330150068,0.3558806568718461,0.15620736698499318,0.2882386862563077,false
OBSERVER-ECA-SUBSET-00101,OBSERVER-ECA-SUBSET-11111,0.6,3,0.7954743255004352,0.16565616835525748,0.20452567449956485,0.668687663289485,false
OBSERVER-ECA-SUBSET-00110,OBSERVER-ECA-SUBSET-00111,0.2,1,0.8191603875134553,0.3114416760162738,0.18083961248654468,0.3771166479674524,true
OBSERVER-ECA-SUBSET-00110,OBSERVER-ECA-SUBSET-01000,0.6,3,0.9501290655653072,0.5269226326841476,0.04987093443469282,-0.05384526536829525,false
OBSERVER-ECA-SUBSET-00110,OBSERVER-ECA-SUBSET-01001,0.8,4,0.948131443298969,0.5299603600173799,0.05186855670103093,-0.05992072003475971,false
OBSERVER-ECA-SUBSET-00110,OBSERVER-ECA-SUBSET-01010,0.4,2,0.793943383805135,0.07631728803075677,0.20605661619486504,0.8473654239384865,false
OBSERVER-ECA-SUBSET-00110,OBSERVER-ECA-SUBSET-01011,0.6,3,0.9127172195892574,0.31148640734214533,0.0872827804107425,0.37702718531570933,false
OBSERVER-ECA-SUBSET-00110,OBSERVER-ECA-SUBSET-01100,0.4,2,0.9013709842439124,0.4732326167007242,0.09862901575608758,0.05353476659855163,false
OBSERVER-ECA-SUBSET-00110,OBSERVER-ECA-SUBSET-01101,0.6,3,0.9470220467258966,0.5295620989600727,0.052977953274103325,-0.059124197920145366,false
OBSERVER-ECA-SUBSET-00110,OBSERVER-ECA-SUBSET-01110,0.2,1,0.7937397034596376,0.07631260988672844,0.20626029654036243,0.8473747802265431,true
OBSERVER-ECA-SUBSET-00110,OBSERVER-ECA-SUBSET-01111,0.4,2,0.9127172195892574,0.31148402158123056,0.0872827804107425,0.37703195683753893,false
OBSERVER-ECA-SUBSET-00110,OBSERVER-ECA-SUBSET-10000,0.6,3,0.8409417169107092,0.514343265876283,0.15905828308929085,-0.028686531752565903,false
OBSERVER-ECA-SUBSET-00110,OBSERVER-ECA-SUBSET-10001,0.8,4,0.8620689655172413,0.5250336785232671,0.13793103448275862,-0.05006735704653426,false
OBSERVER-ECA-SUBSET-00110,OBSERVER-ECA-SUBSET-10010,0.4,2,0.7904536222071767,0.3057295696086701,0.20954637779282329,0.3885408607826598,false
OBSERVER-ECA-SUBSET-00110,OBSERVER-ECA-SUBSET-10011,0.6,3,0.84,0.37870709346927356,0.16,0.24258581306145285,false
OBSERVER-ECA-SUBSET-00110,OBSERVER-ECA-SUBSET-10100,0.4,2,0.8405296488198043,0.5138903504093016,0.15947035118019573,-0.02778070081860339,false
OBSERVER-ECA-SUBSET-00110,OBSERVER-ECA-SUBSET-10101,0.6,3,0.8620689655172413,0.5249467152148425,0.13793103448275862,-0.049893430429684915,false
OBSERVER-ECA-SUBSET-00110,OBSERVER-ECA-SUBSET-10110,0.2,1,0.7904536222071767,0.30572546116195953,0.20954637779282329,0.388549077676081,true
OBSERVER-ECA-SUBSET-00110,OBSERVER-ECA-SUBSET-10111,0.4,2,0.84,0.3787041969162879,0.16,0.24259160616742412,false
OBSERVER-ECA-SUBSET-00110,OBSERVER-ECA-SUBSET-11000,0.8,4,0.9287169042769857,0.5167816883820112,0.07128309572301425,-0.03356337676402246,false
OBSERVER-ECA-SUBSET-00110,OBSERVER-ECA-SUBSET-11001,1,5,0.9386388992190405,0.525362791773133,0.061361100780959466,-0.050725583546266016,false
OBSERVER-ECA-SUBSET-00110,OBSERVER-ECA-SUBSET-11010,0.6,3,0.906785980611484,0.3064195932492314,0.09321401938851603,0.3871608135015372,false
OBSERVER-ECA-SUBSET-00110,OBSERVER-ECA-SUBSET-11011,0.8,4,0.9310766721044046,0.37877641475978907,0.06892332789559544,0.24244717048042183,false
OBSERVER-ECA-SUBSET-00110,OBSERVER-ECA-SUBSET-11100,0.6,3,0.9286684782608696,0.5166503760532215,0.07133152173913043,-0.03330075210644303,false
OBSERVER-ECA-SUBSET-00110,OBSERVER-ECA-SUBSET-11101,0.8,4,0.9386388992190405,0.5253299172275807,0.061361100780959466,-0.05065983445516134,false
OBSERVER-ECA-SUBSET-00110,OBSERVER-ECA-SUBSET-11110,0.4,2,0.906785980611484,0.3064153641081482,0.09321401938851603,0.38716927178370364,false
OBSERVER-ECA-SUBSET-00110,OBSERVER-ECA-SUBSET-11111,0.6,3,0.9310766721044046,0.3787733522587244,0.06892332789559544,0.24245329548255123,false
OBSERVER-ECA-SUBSET-00111,OBSERVER-ECA-SUBSET-01000,0.8,4,0.969119195227512,0.37930398392969605,0.03088080477248801,0.24139203214060792,false
OBSERVER-ECA-SUBSET-00111,OBSERVER-ECA-SUBSET-01001,0.6,3,0.8129272840273462,0.1106367294165902,0.18707271597265382,0.7787265411668196,false
OBSERVER-ECA-SUBSET-00111,OBSERVER-ECA-SUBSET-01010,0.6,3,0.8807561803199224,0.2853397828748321,0.11924381968007755,0.42932043425033584,false
OBSERVER-ECA-SUBSET-00111,OBSERVER-ECA-SUBSET-01011,0.4,2,0.5646817248459959,0.0012037807382662136,0.4353182751540041,0.9975924385234676,false
OBSERVER-ECA-SUBSET-00111,OBSERVER-ECA-SUBSET-01100,0.6,3,0.9307405434203516,0.3535320208425998,0.06925945657964838,0.2929359583148004,false
OBSERVER-ECA-SUBSET-00111,OBSERVER-ECA-SUBSET-01101,0.4,2,0.8050518134715026,0.11026028383189512,0.1949481865284974,0.7794794323362098,false
OBSERVER-ECA-SUBSET-00111,OBSERVER-ECA-SUBSET-01110,0.4,2,0.8805825242718447,0.285335219099658,0.11941747572815534,0.4293295618006841,false
OBSERVER-ECA-SUBSET-00111,OBSERVER-ECA-SUBSET-01111,0.2,1,0.5646817248459959,0.0012037188797068832,0.4353182751540041,0.9975925622405862,true
OBSERVER-ECA-SUBSET-00111,OBSERVER-ECA-SUBSET-10000,0.8,4,0.759481961147086,0.3263523634575902,0.24051803885291398,0.34729527308481956,false
OBSERVER-ECA-SUBSET-00111,OBSERVER-ECA-SUBSET-10001,0.6,3,0.587218045112782,0.17979149201799688,0.412781954887218,0.6404170159640062,false
OBSERVER-ECA-SUBSET-00111,OBSERVER-ECA-SUBSET-10010,0.6,3,0.6573849878934624,0.23163140779598906,0.34261501210653755,0.5367371844080219,false
OBSERVER-ECA-SUBSET-00111,OBSERVER-ECA-SUBSET-10011,0.4,2,0.4244244244244244,0.09239912472722445,0.5755755755755756,0.8152017505455511,false
OBSERVER-ECA-SUBSET-00111,OBSERVER-ECA-SUBSET-10100,0.6,3,0.7584765443567115,0.3260798296123865,0.24152345564328845,0.34784034077522696,false
OBSERVER-ECA-SUBSET-00111,OBSERVER-ECA-SUBSET-10101,0.4,2,0.587218045112782,0.17972284713823006,0.412781954887218,0.6405543057235399,false
OBSERVER-ECA-SUBSET-00111,OBSERVER-ECA-SUBSET-10110,0.4,2,0.6573849878934624,0.23163072088901582,0.34261501210653755,0.5367385582219684,false
OBSERVER-ECA-SUBSET-00111,OBSERVER-ECA-SUBSET-10111,0.2,1,0.4244244244244244,0.092397959270896,0.5755755755755756,0.815204081458208,true
OBSERVER-ECA-SUBSET-00111,OBSERVER-ECA-SUBSET-11000,1,5,0.8440308087291399,0.3268249603491319,0.15596919127086006,0.3463500793017363,false
OBSERVER-ECA-SUBSET-00111,OBSERVER-ECA-SUBSET-11001,0.8,4,0.78130081300813,0.18039298855905306,0.2186991869918699,0.6392140228818939,false
OBSERVER-ECA-SUBSET-00111,OBSERVER-ECA-SUBSET-11010,0.8,4,0.7878554957724827,0.23029420664968725,0.2121445042275173,0.5394115867006255,false
OBSERVER-ECA-SUBSET-00111,OBSERVER-ECA-SUBSET-11011,0.6,3,0.7147208121827411,0.09241834816953004,0.28527918781725886,0.8151633036609399,false
OBSERVER-ECA-SUBSET-00111,OBSERVER-ECA-SUBSET-11100,0.8,4,0.8438303341902313,0.3267403647231369,0.15616966580976863,0.3465192705537262,false
OBSERVER-ECA-SUBSET-00111,OBSERVER-ECA-SUBSET-11101,0.6,3,0.78130081300813,0.18036619797127995,0.2186991869918699,0.6392676040574401,false
OBSERVER-ECA-SUBSET-00111,OBSERVER-ECA-SUBSET-11110,0.6,3,0.7878554957724827,0.2302935185904319,0.2121445042275173,0.5394129628191362,false
OBSERVER-ECA-SUBSET-00111,OBSERVER-ECA-SUBSET-11111,0.4,2,0.7147208121827411,0.09241723289909765,0.28527918781725886,0.8151655342018047,false
OBSERVER-ECA-SUBSET-01000,OBSERVER-ECA-SUBSET-01001,0.2,1,0.918123614873184,0.29674735953688397,0.08187638512681605,0.40650528092623206,true
OBSERVER-ECA-SUBSET-01000,OBSERVER-ECA-SUBSET-01010,0.2,1,0.8685798743687646,0.3716404593732476,0.13142012563123537,0.25671908125350484,true
OBSERVER-ECA-SUBSET-01000,OBSERVER-ECA-SUBSET-01011,0.4,2,0.9664001998501124,0.363825704888573,0.03359980014988759,0.272348590222854,false
OBSERVER-ECA-SUBSET-01000,OBSERVER-ECA-SUBSET-01100,0.2,1,0.6117272147864883,0.008639014451314264,0.3882727852135118,0.9827219710973715,true
OBSERVER-ECA-SUBSET-01000,OBSERVER-ECA-SUBSET-01101,0.4,2,0.9237413622902271,0.29677096521841373,0.07625863770977295,0.4064580695631726,false
OBSERVER-ECA-SUBSET-01000,OBSERVER-ECA-SUBSET-01110,0.4,2,0.8685312962050271,0.371644854006691,0.13146870379497289,0.25671029198661793,false
OBSERVER-ECA-SUBSET-01000,OBSERVER-ECA-SUBSET-01111,0.6,3,0.9664001998501124,0.36382673558281653,0.03359980014988759,0.272346528834367,false
OBSERVER-ECA-SUBSET-01000,OBSERVER-ECA-SUBSET-10000,0.4,2,0.9424715123354354,0.4221799516878131,0.05752848766456466,0.1556400966243738,false
OBSERVER-ECA-SUBSET-01000,OBSERVER-ECA-SUBSET-10001,0.6,3,0.9652564405577877,0.3606250592890756,0.034743559442212246,0.27874988142184876,false
OBSERVER-ECA-SUBSET-01000,OBSERVER-ECA-SUBSET-10010,0.6,3,0.9597392199473864,0.46722663098885736,0.04026078005261352,0.06554673802228524,false
OBSERVER-ECA-SUBSET-01000,OBSERVER-ECA-SUBSET-10011,0.8,4,0.9783607350096711,0.3883341177169316,0.02163926499032882,0.22333176456613682,false
OBSERVER-ECA-SUBSET-01000,OBSERVER-ECA-SUBSET-10100,0.6,3,0.9426483613817538,0.42218458382065993,0.057351638618246235,0.15563083235868014,false
OBSERVER-ECA-SUBSET-01000,OBSERVER-ECA-SUBSET-10101,0.8,4,0.9652564405577877,0.36063868263337695,0.034743559442212246,0.27872263473324604,false
OBSERVER-ECA-SUBSET-01000,OBSERVER-ECA-SUBSET-10110,0.8,4,0.9597392199473864,0.46722676777690714,0.04026078005261352,0.0655464644461857,false
OBSERVER-ECA-SUBSET-01000,OBSERVER-ECA-SUBSET-10111,1,5,0.9783607350096711,0.38833395061830017,0.02163926499032882,0.22333209876339966,false
OBSERVER-ECA-SUBSET-01000,OBSERVER-ECA-SUBSET-11000,0.2,1,0.9325953259532596,0.40015926928376055,0.06740467404674047,0.19968146143247884,true
OBSERVER-ECA-SUBSET-01000,OBSERVER-ECA-SUBSET-11001,0.4,2,0.9632380245079837,0.35338340256227674,0.03676197549201634,0.2932331948754466,false
OBSERVER-ECA-SUBSET-01000,OBSERVER-ECA-SUBSET-11010,0.4,2,0.9561674280775404,0.4564104951271474,0.04383257192245956,0.08717900974570528,false
OBSERVER-ECA-SUBSET-01000,OBSERVER-ECA-SUBSET-11011,0.6,3,0.9775238573581115,0.38403215148635705,0.022476142641888498,0.23193569702728592,false
OBSERVER-ECA-SUBSET-01000,OBSERVER-ECA-SUBSET-11100,0.4,2,0.9325787401574803,0.4001725039087025,0.06742125984251969,0.19965499218259503,false
OBSERVER-ECA-SUBSET-01000,OBSERVER-ECA-SUBSET-11101,0.6,3,0.9632380245079837,0.35338618108261544,0.03676197549201634,0.29322763783476913,false
OBSERVER-ECA-SUBSET-01000,OBSERVER-ECA-SUBSET-11110,0.6,3,0.9561674280775404,0.4564116670205052,0.04383257192245956,0.0871766659589896,false
OBSERVER-ECA-SUBSET-01000,OBSERVER-ECA-SUBSET-11111,0.8,4,0.9775238573581115,0.38403292049382737,0.022476142641888498,0.23193415901234526,false
OBSERVER-ECA-SUBSET-01001,OBSERVER-ECA-SUBSET-01010,0.4,2,0.8997590361445783,0.49308279699573543,0.10024096385542168,0.013834406008529088,false
OBSERVER-ECA-SUBSET-01001,OBSERVER-ECA-SUBSET-01011,0.2,1,0.7141518275538894,0.10786020542520663,0.2858481724461106,0.7842795891495867,true
OBSERVER-ECA-SUBSET-01001,OBSERVER-ECA-SUBSET-01100,0.4,2,0.9345444830349987,0.30249231568030954,0.06545551696500133,0.3950153686393809,false
OBSERVER-ECA-SUBSET-01001,OBSERVER-ECA-SUBSET-01101,0.2,1,0.06900212314225052,0.00000270584095751758,0.9309978768577495,0.999994588318085,true
OBSERVER-ECA-SUBSET-01001,OBSERVER-ECA-SUBSET-01110,0.6,3,0.8996138996138996,0.4930816019112554,0.10038610038610038,0.01383679617748918,false
OBSERVER-ECA-SUBSET-01001,OBSERVER-ECA-SUBSET-01111,0.4,2,0.7141518275538894,0.10786177564330712,0.2858481724461106,0.7842764487133858,false
OBSERVER-ECA-SUBSET-01001,OBSERVER-ECA-SUBSET-10000,0.6,3,0.8386532575426322,0.3154968782579284,0.16134674245736774,0.36900624348414324,false
OBSERVER-ECA-SUBSET-01001,OBSERVER-ECA-SUBSET-10001,0.4,2,0.7203038674033149,0.13613553929315003,0.2796961325966851,0.7277289214136999,false
OBSERVER-ECA-SUBSET-01001,OBSERVER-ECA-SUBSET-10010,0.8,4,0.8912493677288822,0.36591394194720317,0.10875063227111785,0.2681721161055937,false
OBSERVER-ECA-SUBSET-01001,OBSERVER-ECA-SUBSET-10011,0.6,3,0.8334589299171062,0.1730763891549899,0.16654107008289373,0.6538472216900202,false
OBSERVER-ECA-SUBSET-01001,OBSERVER-ECA-SUBSET-10100,0.8,4,0.8405606657906264,0.31550776139287756,0.15943933420937362,0.3689844772142449,false
OBSERVER-ECA-SUBSET-01001,OBSERVER-ECA-SUBSET-10101,0.6,3,0.7203038674033149,0.13614037375162902,0.2796961325966851,0.727719252496742,false
OBSERVER-ECA-SUBSET-01001,OBSERVER-ECA-SUBSET-10110,1,5,0.8912493677288822,0.3659155998423297,0.10875063227111785,0.2681688003153406,false
OBSERVER-ECA-SUBSET-01001,OBSERVER-ECA-SUBSET-10111,0.8,4,0.8334589299171062,0.1730770376543776,0.16654107008289373,0.6538459246912448,false
OBSERVER-ECA-SUBSET-01001,OBSERVER-ECA-SUBSET-11000,0.4,2,0.7257717157214645,0.3110087993648718,0.2742282842785355,0.37798240127025634,false
OBSERVER-ECA-SUBSET-01001,OBSERVER-ECA-SUBSET-11001,0.2,1,0.6169014084507043,0.1347385143323946,0.38309859154929576,0.7305229713352108,true
OBSERVER-ECA-SUBSET-01001,OBSERVER-ECA-SUBSET-11010,0.6,3,0.8382022471910112,0.3630788890273202,0.16179775280898875,0.2738422219453595,false
OBSERVER-ECA-SUBSET-01001,OBSERVER-ECA-SUBSET-11011,0.4,2,0.7831207065750736,0.17217763805134867,0.2168792934249264,0.6556447238973027,false
OBSERVER-ECA-SUBSET-01001,OBSERVER-ECA-SUBSET-11100,0.6,3,0.7272074659009332,0.31101650831961963,0.2727925340990668,0.37796698336076073,false
OBSERVER-ECA-SUBSET-01001,OBSERVER-ECA-SUBSET-11101,0.4,2,0.6169014084507043,0.13473894052226087,0.38309859154929576,0.7305221189554783,false
OBSERVER-ECA-SUBSET-01001,OBSERVER-ECA-SUBSET-11110,0.8,4,0.8382022471910112,0.36308053230216686,0.16179775280898875,0.2738389353956663,false
OBSERVER-ECA-SUBSET-01001,OBSERVER-ECA-SUBSET-11111,0.6,3,0.7831207065750736,0.17217870099311672,0.2168792934249264,0.6556425980137666,false
OBSERVER-ECA-SUBSET-01010,OBSERVER-ECA-SUBSET-01011,0.2,1,0.8394495412844036,0.2773494042928353,0.16055045871559634,0.4453011914143294,true
OBSERVER-ECA-SUBSET-01010,OBSERVER-ECA-SUBSET-01100,0.4,2,0.6794099939795304,0.3108567052211362,0.3205900060204696,0.3782865895577277,false
OBSERVER-ECA-SUBSET-01010,OBSERVER-ECA-SUBSET-01101,0.6,3,0.8965174129353234,0.49264255716024213,0.10348258706467661,0.01471488567951568,false
OBSERVER-ECA-SUBSET-01010,OBSERVER-ECA-SUBSET-01110,0.2,1,0.009658246656760738,1.8837235998825363e-7,0.9903417533432393,0.99999962325528,true
OBSERVER-ECA-SUBSET-01010,OBSERVER-ECA-SUBSET-01111,0.4,2,0.8394495412844036,0.27734732991846833,0.16055045871559634,0.44530534016306333,false
OBSERVER-ECA-SUBSET-01010,OBSERVER-ECA-SUBSET-10000,0.6,3,0.8990990990990991,0.523882977396605,0.1009009009009009,-0.047765954793210066,false
OBSERVER-ECA-SUBSET-01010,OBSERVER-ECA-SUBSET-10001,0.8,4,0.921455938697318,0.5148228955329257,0.07854406130268199,-0.029645791065851367,false
OBSERVER-ECA-SUBSET-01010,OBSERVER-ECA-SUBSET-10010,0.4,2,0.8690528153644697,0.31646156065280395,0.13094718463553034,0.36707687869439215,false
OBSERVER-ECA-SUBSET-01010,OBSERVER-ECA-SUBSET-10011,0.6,3,0.9030985915492957,0.36706802134485206,0.09690140845070423,0.26586395731029583,false
OBSERVER-ECA-SUBSET-01010,OBSERVER-ECA-SUBSET-10100,0.8,4,0.8987707881417208,0.523475350597085,0.1012292118582791,-0.046950701194170046,false
OBSERVER-ECA-SUBSET-01010,OBSERVER-ECA-SUBSET-10101,1,5,0.921455938697318,0.5147473353690346,0.07854406130268199,-0.029494670738069252,false
OBSERVER-ECA-SUBSET-01010,OBSERVER-ECA-SUBSET-10110,0.6,3,0.8690528153644697,0.31645700531103116,0.13094718463553034,0.36708598937793774,false
OBSERVER-ECA-SUBSET-01010,OBSERVER-ECA-SUBSET-10111,0.8,4,0.9030985915492957,0.3670647946686474,0.09690140845070423,0.2658704106627052,false
OBSERVER-ECA-SUBSET-01010,OBSERVER-ECA-SUBSET-11000,0.4,2,0.8472958642629904,0.5175577597477659,0.15270413573700956,-0.035115519495531614,false
OBSERVER-ECA-SUBSET-01010,OBSERVER-ECA-SUBSET-11001,0.6,3,0.9020527859237537,0.5126248193978762,0.09794721407624633,-0.02524963879575226,false
OBSERVER-ECA-SUBSET-01010,OBSERVER-ECA-SUBSET-11010,0.2,1,0.8174651303820497,0.31079850677668086,0.18253486961795026,0.3784029864466382,true
OBSERVER-ECA-SUBSET-01010,OBSERVER-ECA-SUBSET-11011,0.4,2,0.8827539195637355,0.3651409302009268,0.11724608043626449,0.2697181395981464,false
OBSERVER-ECA-SUBSET-01010,OBSERVER-ECA-SUBSET-11100,0.6,3,0.8471337579617835,0.5174159895056438,0.15286624203821655,-0.034831979011287754,false
OBSERVER-ECA-SUBSET-01010,OBSERVER-ECA-SUBSET-11101,0.8,4,0.9020527859237537,0.5125893880131404,0.09794721407624633,-0.02517877602628077,false
OBSERVER-ECA-SUBSET-01010,OBSERVER-ECA-SUBSET-11110,0.4,2,0.8174651303820497,0.3107943791677084,0.18253486961795026,0.3784112416645832,false
OBSERVER-ECA-SUBSET-01010,OBSERVER-ECA-SUBSET-11111,0.6,3,0.8827539195637355,0.36513795505505,0.11724608043626449,0.2697240898899,false
OBSERVER-ECA-SUBSET-01011,OBSERVER-ECA-SUBSET-01100,0.6,3,0.9174711927748365,0.33754242892127995,0.0825288072251635,0.3249151421574401,false
OBSERVER-ECA-SUBSET-01011,OBSERVER-ECA-SUBSET-01101,0.4,2,0.6956087824351298,0.10747841800040997,0.30439121756487025,0.7850431639991801,false
OBSERVER-ECA-SUBSET-01011,OBSERVER-ECA-SUBSET-01110,0.4,2,0.8391332895600788,0.2773448424516678,0.1608667104399212,0.44531031509666447,false
OBSERVER-ECA-SUBSET-01011,OBSERVER-ECA-SUBSET-01111,0.2,1,0,6.795617180088698e-9,1,0.9999999864087656,true
OBSERVER-ECA-SUBSET-01011,OBSERVER-ECA-SUBSET-10000,0.8,4,0.869198312236287,0.32860775532177344,0.1308016877637131,0.3427844893564531,false
OBSERVER-ECA-SUBSET-01011,OBSERVER-ECA-SUBSET-10001,0.6,3,0.7629151291512914,0.18150758933611455,0.2370848708487085,0.6369848213277709,false
OBSERVER-ECA-SUBSET-01011,OBSERVER-ECA-SUBSET-10010,0.6,3,0.8152327221438647,0.23391533450851365,0.1847672778561354,0.5321693309829727,false
OBSERVER-ECA-SUBSET-01011,OBSERVER-ECA-SUBSET-10011,0.4,2,0.6545454545454545,0.09412387498048702,0.34545454545454546,0.811752250039026,false
OBSERVER-ECA-SUBSET-01011,OBSERVER-ECA-SUBSET-10100,1,5,0.8685744568097509,0.3283432970081445,0.13142554319024907,0.34331340598371096,false
OBSERVER-ECA-SUBSET-01011,OBSERVER-ECA-SUBSET-10101,0.8,4,0.7629151291512914,0.18144266852915264,0.2370848708487085,0.6371146629416947,false
OBSERVER-ECA-SUBSET-01011,OBSERVER-ECA-SUBSET-10110,0.8,4,0.8152327221438647,0.2339145932363611,0.1847672778561354,0.5321708135272778,false
OBSERVER-ECA-SUBSET-01011,OBSERVER-ECA-SUBSET-10111,0.6,3,0.6545454545454545,0.0941226698946267,0.34545454545454546,0.8117546602107466,false
OBSERVER-ECA-SUBSET-01011,OBSERVER-ECA-SUBSET-11000,0.6,3,0.764187866927593,0.32775995975970607,0.23581213307240703,0.34448008048058787,false
OBSERVER-ECA-SUBSET-01011,OBSERVER-ECA-SUBSET-11001,0.4,2,0.6310541310541311,0.18147606119617166,0.36894586894586895,0.6370478776076567,false
OBSERVER-ECA-SUBSET-01011,OBSERVER-ECA-SUBSET-11010,0.4,2,0.6628056628056629,0.23180625099782665,0.33719433719433717,0.5363874980043467,false
OBSERVER-ECA-SUBSET-01011,OBSERVER-ECA-SUBSET-11011,0.2,1,0.427645788336933,0.09375020811895002,0.572354211663067,0.8124995837621,true
OBSERVER-ECA-SUBSET-01011,OBSERVER-ECA-SUBSET-11100,0.8,4,0.7637254901960784,0.3276744560647729,0.23627450980392156,0.3446510878704542,false
OBSERVER-ECA-SUBSET-01011,OBSERVER-ECA-SUBSET-11101,0.6,3,0.6310541310541311,0.18144910226644767,0.36894586894586895,0.6371017954671047,false
OBSERVER-ECA-SUBSET-01011,OBSERVER-ECA-SUBSET-11110,0.6,3,0.6628056628056629,0.23180555941746211,0.33719433719433717,0.5363888811650758,false
OBSERVER-ECA-SUBSET-01011,OBSERVER-ECA-SUBSET-11111,0.4,2,0.427645788336933,0.09374909333855092,0.572354211663067,0.8125018133228982,false
OBSERVER-ECA-SUBSET-01100,OBSERVER-ECA-SUBSET-01101,0.2,1,0.9333877107123436,0.3024194124781241,0.06661228928765633,0.39516117504375176,true
OBSERVER-ECA-SUBSET-01100,OBSERVER-ECA-SUBSET-01110,0.2,1,0.6791202169328111,0.31085680984128583,0.3208797830671889,0.3782863803174283,true
OBSERVER-ECA-SUBSET-01100,OBSERVER-ECA-SUBSET-01111,0.4,2,0.9174711927748365,0.3375428154348353,0.0825288072251635,0.32491436913032945,false
OBSERVER-ECA-SUBSET-01100,OBSERVER-ECA-SUBSET-10000,0.6,3,0.9206349206349207,0.42625397968712186,0.07936507936507936,0.14749204062575622,false
OBSERVER-ECA-SUBSET-01100,OBSERVER-ECA-SUBSET-10001,0.8,4,0.9526204340921123,0.3664153184649308,0.04737956590788777,0.26716936307013833,false
OBSERVER-ECA-SUBSET-01100,OBSERVER-ECA-SUBSET-10010,0.8,4,0.9118541033434651,0.44310858409463777,0.08814589665653495,0.11378283181072442,false
OBSERVER-ECA-SUBSET-01100,OBSERVER-ECA-SUBSET-10011,1,5,0.9499712478435882,0.37303579894609074,0.050028752156411734,0.2539284021078186,false
OBSERVER-ECA-SUBSET-01100,OBSERVER-ECA-SUBSET-10100,0.4,2,0.9204726198591229,0.4262048582852773,0.07952738014087707,0.1475902834294454,false
OBSERVER-ECA-SUBSET-01100,OBSERVER-ECA-SUBSET-10101,0.6,3,0.9526204340921123,0.36641959594498463,0.04737956590788777,0.2671608081100307,false
OBSERVER-ECA-SUBSET-01100,OBSERVER-ECA-SUBSET-10110,0.6,3,0.9118541033434651,0.4431080599438732,0.08814589665653495,0.11378388011225357,false
OBSERVER-ECA-SUBSET-01100,OBSERVER-ECA-SUBSET-10111,0.8,4,0.9499712478435882,0.37303510707525334,0.050028752156411734,0.2539297858494934,false
OBSERVER-ECA-SUBSET-01100,OBSERVER-ECA-SUBSET-11000,0.4,2,0.8967576791808873,0.4046965363598751,0.10324232081911262,0.19060692728024972,false
OBSERVER-ECA-SUBSET-01100,OBSERVER-ECA-SUBSET-11001,0.6,3,0.9470120694730645,0.3593137390854065,0.05298793052693553,0.28137252182918704,false
OBSERVER-ECA-SUBSET-01100,OBSERVER-ECA-SUBSET-11010,0.6,3,0.8940998487140696,0.4320123865014738,0.1059001512859304,0.13597522699705242,false
OBSERVER-ECA-SUBSET-01100,OBSERVER-ECA-SUBSET-11011,0.8,4,0.9451104100946373,0.3686874918874413,0.05488958990536277,0.26262501622511736,false
OBSERVER-ECA-SUBSET-01100,OBSERVER-ECA-SUBSET-11100,0.2,1,0.8966989186112693,0.40468229295805824,0.10330108138873079,0.19063541408388357,true
OBSERVER-ECA-SUBSET-01100,OBSERVER-ECA-SUBSET-11101,0.4,2,0.9470120694730645,0.35930992699092634,0.05298793052693553,0.28138014601814737,false
OBSERVER-ECA-SUBSET-01100,OBSERVER-ECA-SUBSET-11110,0.4,2,0.8940998487140696,0.4320129325917324,0.1059001512859304,0.13597413481653522,false
OBSERVER-ECA-SUBSET-01100,OBSERVER-ECA-SUBSET-11111,0.6,3,0.9451104100946373,0.36868774694388967,0.05488958990536277,0.26262450611222066,false
OBSERVER-ECA-SUBSET-01101,OBSERVER-ECA-SUBSET-01110,0.4,2,0.8963627304434479,0.4926413362349108,0.10363726955655207,0.014717327530178424,false
OBSERVER-ECA-SUBSET-01101,OBSERVER-ECA-SUBSET-01111,0.2,1,0.6956087824351298,0.10747996465089726,0.30439121756487025,0.7850400706982055,true
OBSERVER-ECA-SUBSET-01101,OBSERVER-ECA-SUBSET-10000,0.8,4,0.8355056179775281,0.31543889847403894,0.1644943820224719,0.36912220305192206,false
OBSERVER-ECA-SUBSET-01101,OBSERVER-ECA-SUBSET-10001,0.6,3,0.7118155619596542,0.13609270200162332,0.2881844380403458,0.7278145959967534,false
OBSERVER-ECA-SUBSET-01101,OBSERVER-ECA-SUBSET-10010,1,5,0.8875523012552301,0.36561056958682703,0.11244769874476987,0.2687788608263459,false
OBSERVER-ECA-SUBSET-01101,OBSERVER-ECA-SUBSET-10011,0.8,4,0.8248811410459588,0.17282006852387416,0.1751188589540412,0.6543598629522517,false
OBSERVER-ECA-SUBSET-01101,OBSERVER-ECA-SUBSET-10100,0.6,3,0.8374606033318325,0.31544824923218806,0.1625393966681675,0.3691035015356238,false
OBSERVER-ECA-SUBSET-01101,OBSERVER-ECA-SUBSET-10101,0.4,2,0.7118155619596542,0.13609693137430673,0.2881844380403458,0.7278061372513865,false
OBSERVER-ECA-SUBSET-01101,OBSERVER-ECA-SUBSET-10110,0.8,4,0.8875523012552301,0.3656122208488178,0.11244769874476987,0.26877555830236444,false
OBSERVER-ECA-SUBSET-01101,OBSERVER-ECA-SUBSET-10111,0.6,3,0.8248811410459588,0.1728207129264126,0.1751188589540412,0.6543585741471748,false
OBSERVER-ECA-SUBSET-01101,OBSERVER-ECA-SUBSET-11000,0.6,3,0.715251690458302,0.31095246212013283,0.284748309541698,0.3780950757597344,false
OBSERVER-ECA-SUBSET-01101,OBSERVER-ECA-SUBSET-11001,0.4,2,0.5976095617529881,0.1346961086209424,0.40239043824701193,0.7306077827581152,false
OBSERVER-ECA-SUBSET-01101,OBSERVER-ECA-SUBSET-11010,0.8,4,0.8299212598425196,0.3627726952816313,0.1700787401574803,0.2744546094367374,false
OBSERVER-ECA-SUBSET-01101,OBSERVER-ECA-SUBSET-11011,0.6,3,0.7683438155136268,0.17192019555268045,0.23165618448637318,0.6561596088946391,false
OBSERVER-ECA-SUBSET-01101,OBSERVER-ECA-SUBSET-11100,0.4,2,0.7167543200601052,0.3109594742918018,0.2832456799398948,0.3780810514163963,false
OBSERVER-ECA-SUBSET-01101,OBSERVER-ECA-SUBSET-11101,0.2,1,0.5976095617529881,0.13469620110382163,0.40239043824701193,0.7306075977923567,true
OBSERVER-ECA-SUBSET-01101,OBSERVER-ECA-SUBSET-11110,0.6,3,0.8299212598425196,0.36277433327922437,0.1700787401574803,0.2744513334415512,false
OBSERVER-ECA-SUBSET-01101,OBSERVER-ECA-SUBSET-11111,0.4,2,0.7683438155136268,0.171921253881204,0.23165618448637318,0.656157492237592,false
OBSERVER-ECA-SUBSET-01110,OBSERVER-ECA-SUBSET-01111,0.2,1,0.8391332895600788,0.27734274733389647,0.1608667104399212,0.44531450533220707,true
OBSERVER-ECA-SUBSET-01110,OBSERVER-ECA-SUBSET-10000,0.8,4,0.898989898989899,0.5238812002820302,0.10101010101010101,-0.04776240056406052,false
OBSERVER-ECA-SUBSET-01110,OBSERVER-ECA-SUBSET-10001,1,5,0.9213429256594724,0.5148173119526362,0.07865707434052757,-0.029634623905272446,false
OBSERVER-ECA-SUBSET-01110,OBSERVER-ECA-SUBSET-10010,0.6,3,0.8688811188811189,0.3164586337399464,0.13111888111888112,0.3670827325201072,false
OBSERVER-ECA-SUBSET-01110,OBSERVER-ECA-SUBSET-10011,0.8,4,0.9029345372460497,0.36706004042498397,0.09706546275395034,0.265879919150032,false
OBSERVER-ECA-SUBSET-01110,OBSERVER-ECA-SUBSET-10100,0.6,3,0.8986608758595729,0.5234735823058149,0.10133912414042708,-0.04694716461162968,false
OBSERVER-ECA-SUBSET-01110,OBSERVER-ECA-SUBSET-10101,0.8,4,0.9213429256594724,0.5147417626680867,0.07865707434052757,-0.029483525336173426,false
OBSERVER-ECA-SUBSET-01110,OBSERVER-ECA-SUBSET-10110,0.4,2,0.8688811188811189,0.31645407753392557,0.13111888111888112,0.36709184493214886,false
OBSERVER-ECA-SUBSET-01110,OBSERVER-ECA-SUBSET-10111,0.6,3,0.9029345372460497,0.36705681310530536,0.09706546275395034,0.2658863737893893,false
OBSERVER-ECA-SUBSET-01110,OBSERVER-ECA-SUBSET-11000,0.6,3,0.847052575677111,0.5175561753187152,0.15294742432288902,-0.035112350637430435,false
OBSERVER-ECA-SUBSET-01110,OBSERVER-ECA-SUBSET-11001,0.8,4,0.9018801410105758,0.5126191954126046,0.09811985898942421,-0.025238390825209272,false
OBSERVER-ECA-SUBSET-01110,OBSERVER-ECA-SUBSET-11010,0.4,2,0.8171324422843256,0.31079568639879307,0.18286755771567437,0.3784086272024138,false
OBSERVER-ECA-SUBSET-01110,OBSERVER-ECA-SUBSET-11011,0.6,3,0.8825136612021858,0.3651329255595055,0.11748633879781421,0.26973414888098896,false
OBSERVER-ECA-SUBSET-01110,OBSERVER-ECA-SUBSET-11100,0.4,2,0.84688995215311,0.5174144093915315,0.15311004784688995,-0.03482881878306288,false
OBSERVER-ECA-SUBSET-01110,OBSERVER-ECA-SUBSET-11101,0.6,3,0.9018801410105758,0.5125837680603362,0.09811985898942421,-0.0251675361206725,false
OBSERVER-ECA-SUBSET-01110,OBSERVER-ECA-SUBSET-11110,0.2,1,0.8171324422843256,0.31079155831726446,0.18286755771567437,0.378416883365471,true
OBSERVER-ECA-SUBSET-01110,OBSERVER-ECA-SUBSET-11111,0.4,2,0.8825136612021858,0.36512995000846554,0.11748633879781421,0.2697400999830689,false
OBSERVER-ECA-SUBSET-01111,OBSERVER-ECA-SUBSET-10000,1,5,0.869198312236287,0.32860829353383153,0.1308016877637131,0.34278341293233694,false
OBSERVER-ECA-SUBSET-01111,OBSERVER-ECA-SUBSET-10001,0.8,4,0.7629151291512914,0.18150870688474569,0.2370848708487085,0.6369825862305086,false
OBSERVER-ECA-SUBSET-01111,OBSERVER-ECA-SUBSET-10010,0.8,4,0.8152327221438647,0.23391477313008557,0.1847672778561354,0.5321704537398289,false
OBSERVER-ECA-SUBSET-01111,OBSERVER-ECA-SUBSET-10011,0.6,3,0.6545454545454545,0.09412411101989004,0.34545454545454546,0.8117517779602199,false
OBSERVER-ECA-SUBSET-01111,OBSERVER-ECA-SUBSET-10100,0.8,4,0.8685744568097509,0.32834383066656764,0.13142554319024907,0.3433123386668647,false
OBSERVER-ECA-SUBSET-01111,OBSERVER-ECA-SUBSET-10101,0.6,3,0.7629151291512914,0.1814437849541461,0.2370848708487085,0.6371124300917078,false
OBSERVER-ECA-SUBSET-01111,OBSERVER-ECA-SUBSET-10110,0.6,3,0.8152327221438647,0.23391403141018902,0.1847672778561354,0.532171937179622,false
OBSERVER-ECA-SUBSET-01111,OBSERVER-ECA-SUBSET-10111,0.4,2,0.6545454545454545,0.09412290559909181,0.34545454545454546,0.8117541888018164,false
OBSERVER-ECA-SUBSET-01111,OBSERVER-ECA-SUBSET-11000,0.8,4,0.764187866927593,0.3277605199368529,0.23581213307240703,0.3444789601262942,false
OBSERVER-ECA-SUBSET-01111,OBSERVER-ECA-SUBSET-11001,0.6,3,0.6310541310541311,0.18147718845445354,0.36894586894586895,0.6370456230910929,false
OBSERVER-ECA-SUBSET-01111,OBSERVER-ECA-SUBSET-11010,0.6,3,0.6628056628056629,0.23180570111547977,0.33719433719433717,0.5363885977690405,false
OBSERVER-ECA-SUBSET-01111,OBSERVER-ECA-SUBSET-11011,0.4,2,0.427645788336933,0.09375045146132771,0.572354211663067,0.8124990970773446,false
OBSERVER-ECA-SUBSET-01111,OBSERVER-ECA-SUBSET-11100,0.6,3,0.7637254901960784,0.3276750142516995,0.23627450980392156,0.34464997149660104,false
OBSERVER-ECA-SUBSET-01111,OBSERVER-ECA-SUBSET-11101,0.4,2,0.6310541310541311,0.18145022855089765,0.36894586894586895,0.6370995428982047,false
OBSERVER-ECA-SUBSET-01111,OBSERVER-ECA-SUBSET-11110,0.4,2,0.6628056628056629,0.23180500924274683,0.33719433719433717,0.5363899815145063,false
OBSERVER-ECA-SUBSET-01111,OBSERVER-ECA-SUBSET-11111,0.2,1,0.427645788336933,0.09374933643566957,0.572354211663067,0.8125013271286609,true
OBSERVER-ECA-SUBSET-10000,OBSERVER-ECA-SUBSET-10001,0.2,1,0.53515625,0.0759255654642424,0.46484375,0.8481488690715152,true
OBSERVER-ECA-SUBSET-10000,OBSERVER-ECA-SUBSET-10010,0.2,1,0.43174603174603177,0.09648073667720714,0.5682539682539682,0.8070385266455857,true
OBSERVER-ECA-SUBSET-10000,OBSERVER-ECA-SUBSET-10011,0.4,2,0.6922209695603156,0.11992150935450868,0.30777903043968435,0.7601569812909826,false
OBSERVER-ECA-SUBSET-10000,OBSERVER-ECA-SUBSET-10100,0.2,1,0.0052508751458576475,0.000004801575035739969,0.9947491248541424,0.9999903968499285,true
OBSERVER-ECA-SUBSET-10000,OBSERVER-ECA-SUBSET-10101,0.4,2,0.53515625,0.07592597099966214,0.46484375,0.8481480580006757,false
OBSERVER-ECA-SUBSET-10000,OBSERVER-ECA-SUBSET-10110,0.4,2,0.43174603174603177,0.09648403926175991,0.5682539682539682,0.8070319214764802,false
OBSERVER-ECA-SUBSET-10000,OBSERVER-ECA-SUBSET-10111,0.6,3,0.6922209695603156,0.11992290355366925,0.30777903043968435,0.7601541928926615,false
OBSERVER-ECA-SUBSET-10000,OBSERVER-ECA-SUBSET-11000,0.2,1,0.5462328767123288,0.0017167698287323119,0.4537671232876712,0.9965664603425354,true
OBSERVER-ECA-SUBSET-10000,OBSERVER-ECA-SUBSET-11001,0.4,2,0.7302036199095023,0.07629525869252618,0.2697963800904977,0.8474094826149476,false
OBSERVER-ECA-SUBSET-10000,OBSERVER-ECA-SUBSET-11010,0.4,2,0.7087270705947748,0.09664864167068193,0.29127292940522514,0.8067027166586361,false
OBSERVER-ECA-SUBSET-10000,OBSERVER-ECA-SUBSET-11011,0.6,3,0.8403458213256484,0.12005573226389499,0.15965417867435158,0.75988853547221,false
OBSERVER-ECA-SUBSET-10000,OBSERVER-ECA-SUBSET-11100,0.4,2,0.5457142857142857,0.0017161154641374687,0.4542857142857143,0.9965677690717251,false
OBSERVER-ECA-SUBSET-10000,OBSERVER-ECA-SUBSET-11101,0.6,3,0.7302036199095023,0.07629496611549097,0.2697963800904977,0.8474100677690181,false
OBSERVER-ECA-SUBSET-10000,OBSERVER-ECA-SUBSET-11110,0.6,3,0.7087270705947748,0.09665192850453247,0.29127292940522514,0.8066961429909351,false
OBSERVER-ECA-SUBSET-10000,OBSERVER-ECA-SUBSET-11111,0.8,4,0.8403458213256484,0.12005707290268858,0.15965417867435158,0.7598858541946228,false
OBSERVER-ECA-SUBSET-10001,OBSERVER-ECA-SUBSET-10010,0.4,2,0.649375,0.16536760750604879,0.350625,0.6692647849879024,false
OBSERVER-ECA-SUBSET-10001,OBSERVER-ECA-SUBSET-10011,0.2,1,0.40315789473684216,0.05196384126690101,0.5968421052631578,0.896072317466198,true
OBSERVER-ECA-SUBSET-10001,OBSERVER-ECA-SUBSET-10100,0.4,2,0.5369127516778524,0.07592702647815763,0.46308724832214765,0.8481459470436847,false
OBSERVER-ECA-SUBSET-10001,OBSERVER-ECA-SUBSET-10101,0.2,1,0,3.140152298186649e-7,1,0.9999993719695404,true
OBSERVER-ECA-SUBSET-10001,OBSERVER-ECA-SUBSET-10110,0.6,3,0.649375,0.1653707060950141,0.350625,0.6692585878099718,false
OBSERVER-ECA-SUBSET-10001,OBSERVER-ECA-SUBSET-10111,0.4,2,0.40315789473684216,0.051965406925872315,0.5968421052631578,0.8960691861482554,false
OBSERVER-ECA-SUBSET-10001,OBSERVER-ECA-SUBSET-11000,0.4,2,0.628930817610063,0.07478758456098494,0.3710691823899371,0.8504248308780301,false
OBSERVER-ECA-SUBSET-10001,OBSERVER-ECA-SUBSET-11001,0.2,1,0.43260869565217386,0.0002022110295919477,0.5673913043478261,0.9995955779408161,true
OBSERVER-ECA-SUBSET-10001,OBSERVER-ECA-SUBSET-11010,0.6,3,0.7741935483870968,0.1639786268835916,0.22580645161290322,0.6720427462328168,false
OBSERVER-ECA-SUBSET-10001,OBSERVER-ECA-SUBSET-11011,0.4,2,0.6915584415584415,0.051881764467155256,0.30844155844155846,0.8962364710656895,false
OBSERVER-ECA-SUBSET-10001,OBSERVER-ECA-SUBSET-11100,0.6,3,0.6305031446540881,0.07479216653450133,0.3694968553459119,0.8504156669309973,false
OBSERVER-ECA-SUBSET-10001,OBSERVER-ECA-SUBSET-11101,0.4,2,0.43260869565217386,0.00020220604701703948,0.5673913043478261,0.9995955879059659,false
OBSERVER-ECA-SUBSET-10001,OBSERVER-ECA-SUBSET-11110,0.8,4,0.7741935483870968,0.16398164807278803,0.22580645161290322,0.6720367038544239,false
OBSERVER-ECA-SUBSET-10001,OBSERVER-ECA-SUBSET-11111,0.6,3,0.6915584415584415,0.0518834009724235,0.30844155844155846,0.896233198055153,false
OBSERVER-ECA-SUBSET-10010,OBSERVER-ECA-SUBSET-10011,0.2,1,0.5351223362273085,0.07964988635695924,0.4648776637726914,0.8407002272860815,true
OBSERVER-ECA-SUBSET-10010,OBSERVER-ECA-SUBSET-10100,0.4,2,0.42902711323763953,0.09613373912197132,0.5709728867623605,0.8077325217560574,false
OBSERVER-ECA-SUBSET-10010,OBSERVER-ECA-SUBSET-10101,0.6,3,0.649375,0.16530131610695897,0.350625,0.669397367786082,false
OBSERVER-ECA-SUBSET-10010,OBSERVER-ECA-SUBSET-10110,0.2,1,0,9.105166620670957e-10,1,0.9999999981789667,true
OBSERVER-ECA-SUBSET-10010,OBSERVER-ECA-SUBSET-10111,0.4,2,0.5351223362273085,0.07964916440794778,0.4648776637726914,0.8407016711841044,false
OBSERVER-ECA-SUBSET-10010,OBSERVER-ECA-SUBSET-11000,0.4,2,0.689937106918239,0.09993248232562535,0.310062893081761,0.8001350353487493,false
OBSERVER-ECA-SUBSET-10010,OBSERVER-ECA-SUBSET-11001,0.6,3,0.8142476697736352,0.16624509151813577,0.18575233022636484,0.6675098169637285,false
OBSERVER-ECA-SUBSET-10010,OBSERVER-ECA-SUBSET-11010,0.2,1,0.5187250996015936,0.0004490789867679368,0.48127490039840637,0.9991018420264641,true
OBSERVER-ECA-SUBSET-10010,OBSERVER-ECA-SUBSET-11011,0.4,2,0.7694753577106519,0.07997941399216807,0.23052464228934816,0.8400411720156639,false
OBSERVER-ECA-SUBSET-10010,OBSERVER-ECA-SUBSET-11100,0.6,3,0.6895465994962217,0.09982273878362868,0.31045340050377834,0.8003545224327426,false
OBSERVER-ECA-SUBSET-10010,OBSERVER-ECA-SUBSET-11101,0.8,4,0.8142476697736352,0.16621822631152128,0.18575233022636484,0.6675635473769574,false
OBSERVER-ECA-SUBSET-10010,OBSERVER-ECA-SUBSET-11110,0.4,2,0.5187250996015936,0.00044906410108391803,0.48127490039840637,0.9991018717978322,false
OBSERVER-ECA-SUBSET-10010,OBSERVER-ECA-SUBSET-11111,0.6,3,0.7694753577106519,0.0799785995988978,0.23052464228934816,0.8400428008022044,false
OBSERVER-ECA-SUBSET-10011,OBSERVER-ECA-SUBSET-10100,0.6,3,0.6906515580736544,0.11968837790769349,0.3093484419263456,0.760623244184613,false
OBSERVER-ECA-SUBSET-10011,OBSERVER-ECA-SUBSET-10101,0.4,2,0.40315789473684216,0.05191243676888013,0.5968421052631578,0.8961751264622397,false
OBSERVER-ECA-SUBSET-10011,OBSERVER-ECA-SUBSET-10110,0.4,2,0.5351223362273085,0.0796509128707299,0.4648776637726914,0.8406981742585402,false
OBSERVER-ECA-SUBSET-10011,OBSERVER-ECA-SUBSET-10111,0.2,1,0,5.678435499589796e-10,1,0.9999999988643129,true
OBSERVER-ECA-SUBSET-10011,OBSERVER-ECA-SUBSET-11000,0.6,3,0.7805084745762711,0.12058680347458756,0.21949152542372882,0.7588263930508249,false
OBSERVER-ECA-SUBSET-10011,OBSERVER-ECA-SUBSET-11001,0.4,2,0.6686182669789227,0.05258221096678828,0.33138173302107726,0.8948355780664234,false
OBSERVER-ECA-SUBSET-10011,OBSERVER-ECA-SUBSET-11010,0.4,2,0.6879049676025918,0.07842792913778424,0.3120950323974082,0.8431441417244315,false
OBSERVER-ECA-SUBSET-10011,OBSERVER-ECA-SUBSET-11011,0.2,1,0.5082508250825082,0.00006119930308740029,0.49174917491749176,0.9998776013938252,true
OBSERVER-ECA-SUBSET-10011,OBSERVER-ECA-SUBSET-11100,0.8,4,0.7801358234295416,0.12051193486378364,0.2198641765704584,0.7589761302724327,false
OBSERVER-ECA-SUBSET-10011,OBSERVER-ECA-SUBSET-11101,0.6,3,0.6686182669789227,0.052561247094841945,0.33138173302107726,0.8948775058103161,false
OBSERVER-ECA-SUBSET-10011,OBSERVER-ECA-SUBSET-11110,0.6,3,0.6879049676025918,0.07842893238575799,0.3120950323974082,0.843142135228484,false
OBSERVER-ECA-SUBSET-10011,OBSERVER-ECA-SUBSET-11111,0.4,2,0.5082508250825082,0.00006119257355186036,0.49174917491749176,0.9998776148528963,false
OBSERVER-ECA-SUBSET-10100,OBSERVER-ECA-SUBSET-10101,0.2,1,0.5369127516778524,0.07592582759993316,0.46308724832214765,0.8481483448001337,true
OBSERVER-ECA-SUBSET-10100,OBSERVER-ECA-SUBSET-10110,0.2,1,0.42902711323763953,0.096137033127911,0.5709728867623605,0.807725933744178,true
OBSERVER-ECA-SUBSET-10100,OBSERVER-ECA-SUBSET-10111,0.4,2,0.6906515580736544,0.11968976737635728,0.3093484419263456,0.7606204652472854,false
OBSERVER-ECA-SUBSET-10100,OBSERVER-ECA-SUBSET-11000,0.4,2,0.5480549199084668,0.0017162419864498735,0.45194508009153317,0.9965675160271003,false
OBSERVER-ECA-SUBSET-10100,OBSERVER-ECA-SUBSET-11001,0.6,3,0.7324263038548753,0.07629676994172085,0.2675736961451247,0.8474064601165583,false
OBSERVER-ECA-SUBSET-10100,OBSERVER-ECA-SUBSET-11010,0.6,3,0.7072625698324022,0.09630639463640461,0.2927374301675978,0.8073872107271908,false
OBSERVER-ECA-SUBSET-10100,OBSERVER-ECA-SUBSET-11011,0.8,4,0.839513325608343,0.11982298434603744,0.160486674391657,0.7603540313079251,false
OBSERVER-ECA-SUBSET-10100,OBSERVER-ECA-SUBSET-11100,0.2,1,0.5475372279495991,0.001713560380504242,0.4524627720504009,0.9965728792389915,true
OBSERVER-ECA-SUBSET-10100,OBSERVER-ECA-SUBSET-11101,0.4,2,0.7324263038548753,0.07629586739121047,0.2675736961451247,0.8474082652175791,false
OBSERVER-ECA-SUBSET-10100,OBSERVER-ECA-SUBSET-11110,0.4,2,0.7072625698324022,0.09630967516334249,0.2927374301675978,0.807380649673315,false
OBSERVER-ECA-SUBSET-10100,OBSERVER-ECA-SUBSET-11111,0.6,3,0.839513325608343,0.11982432145665467,0.160486674391657,0.7603513570866907,false
OBSERVER-ECA-SUBSET-10101,OBSERVER-ECA-SUBSET-10110,0.4,2,0.649375,0.16530441273082275,0.350625,0.6693911745383545,false
OBSERVER-ECA-SUBSET-10101,OBSERVER-ECA-SUBSET-10111,0.2,1,0.40315789473684216,0.051914001348591254,0.5968421052631578,0.8961719973028175,true
OBSERVER-ECA-SUBSET-10101,OBSERVER-ECA-SUBSET-11000,0.6,3,0.628930817610063,0.07479018731172526,0.3710691823899371,0.8504196253765495,false
OBSERVER-ECA-SUBSET-10101,OBSERVER-ECA-SUBSET-11001,0.4,2,0.43260869565217386,0.00020335542360316872,0.5673913043478261,0.9995932891527937,false
OBSERVER-ECA-SUBSET-10101,OBSERVER-ECA-SUBSET-11010,0.8,4,0.7741935483870968,0.16391386006439557,0.22580645161290322,0.6721722798712089,false
OBSERVER-ECA-SUBSET-10101,OBSERVER-ECA-SUBSET-11011,0.6,3,0.6915584415584415,0.05183096995487463,0.30844155844155846,0.8963380600902507,false
OBSERVER-ECA-SUBSET-10101,OBSERVER-ECA-SUBSET-11100,0.4,2,0.6305031446540881,0.07479427008042172,0.3694968553459119,0.8504114598391566,false
OBSERVER-ECA-SUBSET-10101,OBSERVER-ECA-SUBSET-11101,0.2,1,0.43260869565217386,0.00020311389300242677,0.5673913043478261,0.9995937722139951,true
OBSERVER-ECA-SUBSET-10101,OBSERVER-ECA-SUBSET-11110,0.6,3,0.7741935483870968,0.16391688024304552,0.22580645161290322,0.672166239513909,false
OBSERVER-ECA-SUBSET-10101,OBSERVER-ECA-SUBSET-11111,0.4,2,0.6915584415584415,0.05183260589484667,0.30844155844155846,0.8963347882103067,false
OBSERVER-ECA-SUBSET-10110,OBSERVER-ECA-SUBSET-10111,0.2,1,0.5351223362273085,0.07965019032290316,0.4648776637726914,0.8406996193541937,true
OBSERVER-ECA-SUBSET-10110,OBSERVER-ECA-SUBSET-11000,0.6,3,0.689937106918239,0.09993574433618596,0.310062893081761,0.8001285113276281,false
OBSERVER-ECA-SUBSET-10110,OBSERVER-ECA-SUBSET-11001,0.8,4,0.8142476697736352,0.16624817099202743,0.18575233022636484,0.6675036580159451,false
OBSERVER-ECA-SUBSET-10110,OBSERVER-ECA-SUBSET-11010,0.4,2,0.5187250996015936,0.00044905597486705195,0.48127490039840637,0.9991018880502659,false
OBSERVER-ECA-SUBSET-10110,OBSERVER-ECA-SUBSET-11011,0.6,3,0.7694753577106519,0.07998042582699427,0.23052464228934816,0.8400391483460115,false
OBSERVER-ECA-SUBSET-10110,OBSERVER-ECA-SUBSET-11100,0.4,2,0.6895465994962217,0.09982599841921325,0.31045340050377834,0.8003480031615735,false
OBSERVER-ECA-SUBSET-10110,OBSERVER-ECA-SUBSET-11101,0.6,3,0.8142476697736352,0.16622130506849364,0.18575233022636484,0.6675573898630127,false
OBSERVER-ECA-SUBSET-10110,OBSERVER-ECA-SUBSET-11110,0.2,1,0.5187250996015936,0.000449040686335056,0.48127490039840637,0.9991019186273299,true
OBSERVER-ECA-SUBSET-10110,OBSERVER-ECA-SUBSET-11111,0.4,2,0.7694753577106519,0.07997961127959874,0.23052464228934816,0.8400407774408025,false
OBSERVER-ECA-SUBSET-10111,OBSERVER-ECA-SUBSET-11000,0.8,4,0.7805084745762711,0.12058816579037085,0.21949152542372882,0.7588236684192583,false
OBSERVER-ECA-SUBSET-10111,OBSERVER-ECA-SUBSET-11001,0.6,3,0.6686182669789227,0.05258376060486597,0.33138173302107726,0.8948324787902681,false
OBSERVER-ECA-SUBSET-10111,OBSERVER-ECA-SUBSET-11010,0.6,3,0.6879049676025918,0.07842718952729666,0.3120950323974082,0.8431456209454067,false
OBSERVER-ECA-SUBSET-10111,OBSERVER-ECA-SUBSET-11011,0.4,2,0.5082508250825082,0.00006119090892692247,0.49174917491749176,0.9998776181821462,false
OBSERVER-ECA-SUBSET-10111,OBSERVER-ECA-SUBSET-11100,0.6,3,0.7801358234295416,0.12051329626802243,0.2198641765704584,0.7589734074639551,false
OBSERVER-ECA-SUBSET-10111,OBSERVER-ECA-SUBSET-11101,0.4,2,0.6686182669789227,0.05256279647401885,0.33138173302107726,0.8948744070519623,false
OBSERVER-ECA-SUBSET-10111,OBSERVER-ECA-SUBSET-11110,0.4,2,0.6879049676025918,0.07842819261407075,0.3120950323974082,0.8431436147718585,false
OBSERVER-ECA-SUBSET-10111,OBSERVER-ECA-SUBSET-11111,0.2,1,0.5082508250825082,0.00006118395650722697,0.49174917491749176,0.9998776320869855,true
OBSERVER-ECA-SUBSET-11000,OBSERVER-ECA-SUBSET-11001,0.2,1,0.463963963963964,0.0742618445321997,0.536036036036036,0.8514763109356006,true
OBSERVER-ECA-SUBSET-11000,OBSERVER-ECA-SUBSET-11010,0.2,1,0.47729672650475186,0.09866877913666638,0.5227032734952481,0.8026624417266672,true
OBSERVER-ECA-SUBSET-11000,OBSERVER-ECA-SUBSET-11011,0.4,2,0.7029816513761468,0.12025450373318397,0.29701834862385323,0.7594909925336321,false
OBSERVER-ECA-SUBSET-11000,OBSERVER-ECA-SUBSET-11100,0.2,1,0.0024009603841537164,4.233887784810264e-7,0.9975990396158463,0.999999153222443,true
OBSERVER-ECA-SUBSET-11000,OBSERVER-ECA-SUBSET-11101,0.4,2,0.463963963963964,0.07426180216674488,0.536036036036036,0.8514763956665102,false
OBSERVER-ECA-SUBSET-11000,OBSERVER-ECA-SUBSET-11110,0.4,2,0.47729672650475186,0.09867211737914955,0.5227032734952481,0.8026557652417009,false
OBSERVER-ECA-SUBSET-11000,OBSERVER-ECA-SUBSET-11111,0.6,3,0.7029816513761468,0.12025589777539963,0.29701834862385323,0.7594882044492007,false
OBSERVER-ECA-SUBSET-11001,OBSERVER-ECA-SUBSET-11010,0.4,2,0.6744186046511628,0.1644784858296252,0.32558139534883723,0.6710430283407496,false
OBSERVER-ECA-SUBSET-11001,OBSERVER-ECA-SUBSET-11011,0.2,1,0.48168498168498164,0.05230924797749753,0.5183150183150184,0.8953815040450049,true
OBSERVER-ECA-SUBSET-11001,OBSERVER-ECA-SUBSET-11100,0.4,2,0.46621621621621623,0.0742666802895049,0.5337837837837838,0.8514666394209902,false
OBSERVER-ECA-SUBSET-11001,OBSERVER-ECA-SUBSET-11101,0.2,1,0,6.691922138646333e-8,1,0.9999998661615572,true
OBSERVER-ECA-SUBSET-11001,OBSERVER-ECA-SUBSET-11110,0.6,3,0.6744186046511628,0.16448152325164195,0.32558139534883723,0.6710369534967161,false
OBSERVER-ECA-SUBSET-11001,OBSERVER-ECA-SUBSET-11111,0.4,2,0.48168498168498164,0.05231089628818725,0.5183150183150184,0.8953782074236255,false
OBSERVER-ECA-SUBSET-11010,OBSERVER-ECA-SUBSET-11011,0.2,1,0.5323624595469256,0.07849575393531172,0.46763754045307443,0.8430084921293766,true
OBSERVER-ECA-SUBSET-11010,OBSERVER-ECA-SUBSET-11100,0.4,2,0.47619047619047616,0.09855786568876923,0.5238095238095238,0.8028842686224615,false
OBSERVER-ECA-SUBSET-11010,OBSERVER-ECA-SUBSET-11101,0.6,3,0.6744186046511628,0.16445143994646028,0.32558139534883723,0.6710971201070794,false
OBSERVER-ECA-SUBSET-11010,OBSERVER-ECA-SUBSET-11110,0.2,1,0,5.535654712396365e-10,1,0.9999999988928691,true
OBSERVER-ECA-SUBSET-11010,OBSERVER-ECA-SUBSET-11111,0.4,2,0.5323624595469256,0.07849495622728553,0.46763754045307443,0.8430100875454289,false
OBSERVER-ECA-SUBSET-11011,OBSERVER-ECA-SUBSET-11100,0.6,3,0.7022988505747126,0.12017922013438936,0.29770114942528736,0.7596415597312213,false
OBSERVER-ECA-SUBSET-11011,OBSERVER-ECA-SUBSET-11101,0.4,2,0.48168498168498164,0.05228820517747307,0.5183150183150184,0.8954235896450539,false
OBSERVER-ECA-SUBSET-11011,OBSERVER-ECA-SUBSET-11110,0.4,2,0.5323624595469256,0.07849675993040417,0.46763754045307443,0.8430064801391917,false
OBSERVER-ECA-SUBSET-11011,OBSERVER-ECA-SUBSET-11111,0.2,1,0,4.294629651901971e-10,1,0.9999999991410741,true
OBSERVER-ECA-SUBSET-11100,OBSERVER-ECA-SUBSET-11101,0.2,1,0.46621621621621623,0.07426638482345416,0.5337837837837838,0.8514672303530917,true
OBSERVER-ECA-SUBSET-11100,OBSERVER-ECA-SUBSET-11110,0.2,1,0.47619047619047616,0.09856120185201162,0.5238095238095238,0.8028775962959768,true
OBSERVER-ECA-SUBSET-11100,OBSERVER-ECA-SUBSET-11111,0.4,2,0.7022988505747126,0.12018061308293615,0.29770114942528736,0.7596387738341277,false
OBSERVER-ECA-SUBSET-11101,OBSERVER-ECA-SUBSET-11110,0.4,2,0.6744186046511628,0.1644544768269477,0.32558139534883723,0.6710910463461046,false
OBSERVER-ECA-SUBSET-11101,OBSERVER-ECA-SUBSET-11111,0.2,1,0.48168498168498164,0.05228985321071239,0.5183150183150184,0.8954202935785752,true
OBSERVER-ECA-SUBSET-11110,OBSERVER-ECA-SUBSET-11111,0.2,1,0.5323624595469256,0.07849596208149545,0.46763754045307443,0.8430080758370091,true
